地方,市町村,エリア/温泉地,施設名,区分,住所,電話,緯度,経度,座標精度,出典,OSM_ID
下越,関川村,えちごせきかわ,花みちる宿 ニュー萬力,—,新潟県岩船郡関川村湯沢350,,38.094425,139.604797,住所(概略),県組合,
下越,関川村,えちごせきかわ,光兎の宿 あらかわ荘,旅館・宿※,新潟県岩船郡関川村湯沢３０８,,38.094425,139.604797,住所(概略),県組合,
下越,関川村,えちごせきかわ,ちょっといい宿 高橋屋観山荘,山小屋/山荘※,新潟県岩船郡関川村大字湯沢228-4,,38.094425,139.604797,住所(概略),県組合,
下越,関川村,えちごせきかわ,古川館,旅館・宿※,岩船郡関川村大字湯沢231-44,,38.094425,139.604797,住所(概略),県組合,
下越,関川村,えちごせきかわ,ゑびすや旅館,旅館※,岩船郡関川村大字湯沢292,,38.094425,139.604797,住所(概略),県組合,
下越,関川村,えちごせきかわ,旅館山路,旅館※,岩船郡関川村大字湯沢324番地丑,,38.094425,139.604797,住所(概略),県組合,
下越,関川村,えちごせきかわ,寿 荘,旅館・宿※,岩船郡関川村大字上関669,,38.082027,139.574524,住所(概略),県組合,
下越,関川村,えちごせきかわ,鷹の巣館,旅館・宿※,岩船郡関川村大字鷹の巣温泉1072,,38.089443,139.565018,住所(概略),県組合,
下越,関川村,えちごせきかわ,四季の郷 喜久屋,旅館・宿※,岩船郡関川村鷹の巣1076-1,,38.089443,139.565018,住所(概略),県組合,
中越,長岡市,よもぎひら温泉・長岡温泉,よもぎひら温泉和泉屋,旅館・宿※,新潟県長岡市蓬平町甲1508-2,,37.364311,138.899078,住所(概略),県組合,
中越,長岡市,よもぎひら温泉・長岡温泉,花の宿よもやま舘,ホテル†,新潟県長岡市蓬平町甲130-1,,37.364044,138.890378,施設,県組合,node/9591306703
中越,長岡市,よもぎひら温泉・長岡温泉,蓬莱館福引屋,旅館・宿※,長岡市蓬平町甲1227,,37.364311,138.899078,住所(概略),県組合,
中越,長岡市,よもぎひら温泉・長岡温泉,長岡温泉湯元舘,—,新潟県長岡市高畑町42番地,,37.419197,138.863937,住所(概略),県組合,
中越,長岡市,よもぎひら温泉・長岡温泉,長岡かまぶろ温泉,—,長岡市十日町972-2,,37.386333,138.838654,住所,県組合,
中越,見附市,三条・見附,うるめのお宿割烹旅館原の湯,旅館※,新潟県見附市本町3-8-31,,37.532875,138.927612,住所,県組合,
中越,見附市,三条・見附,草薙館,旅館・宿※,見附市本町2-17-5,,37.524353,138.925079,住所,県組合,
中越,三条市,三条・見附,石田屋旅館,旅館※,三条市本町4-6-30,,37.629196,138.953812,住所,県組合,
中越,三条市,三条・見附,三観荘,旅館・宿※,三条市北新保2-2-34,,37.626293,138.961105,住所,県組合,
中越,三条市,三条・見附,みなとや旅館,旅館※,三条市南新保15-8,,37.621021,138.960098,住所,県組合,
中越,三条市,三条・見附,三条ロイヤルホテル,ホテル†,三条市本町3-5-25,,37.629835,138.955673,施設,県組合,node/5982804791
中越,三条市,三条・見附,割烹旅館公楽,旅館※,三条市大字高岡786,,37.598488,139.004028,住所,県組合,
中越,三条市,三条・見附,越後長野温泉 嵐渓荘,旅館・宿※,三条市大字長野1450,,37.531490,139.121094,住所(概略),県組合,
中越,三条市,三条・見附,会六旅館,旅館※,新潟県三条市本町4-4-45,,37.629425,138.953186,住所,県組合,
中越,三条市,三条・見附,越前屋ホテル,ホテル†,三条彩元町2-16,0256-32-6221,37.630825,138.955431,施設,県組合・楽天トラベル,node/5982805820
中越,見附市,三条・見附,早川屋旅館,旅館※,新潟県見附市学校町２丁目８番１５号,,37.535252,138.916595,住所(概略),県組合,
中越,三条市,三条・見附,ほしのや旅館,旅館※,新潟県三条市東三条1-16-13,,37.628990,138.971603,住所,県組合,
下越,阿賀野市,五頭温泉郷,環翠楼,—,新潟県阿賀野市村杉 温泉4527,,37.799847,139.286102,住所(概略),県組合・五頭温泉郷,
下越,阿賀野市,五頭温泉郷,石原館,ホテル†,阿賀野市村杉温泉4523,,37.800570,139.291041,施設,県組合・五頭温泉郷,node/6155026275
下越,阿賀野市,五頭温泉郷,風雅の宿 長生館,ホテル†,阿賀野市村杉温泉4632-8,,37.800849,139.291642,施設,県組合・五頭温泉郷,node/6155026277
下越,阿賀野市,五頭温泉郷,割烹旅館 室町,ホテル†,阿賀野市村杉温泉4806-2,,37.801973,139.291513,施設,県組合・五頭温泉郷,node/6155026279
下越,阿賀野市,五頭温泉郷,川上屋旅館,ホテル†,阿賀野市村杉温泉3946-5,,37.801744,139.290617,施設,県組合・五頭温泉郷,node/6155026274
下越,阿賀野市,五頭温泉郷,清廣館,旅館・宿※,阿賀野市出湯802,,37.814564,139.309845,住所(概略),県組合・五頭温泉郷,
下越,阿賀野市,五頭温泉郷,旅館弓月,旅館※,阿賀野市出湯761,,37.814564,139.309845,住所(概略),県組合,
下越,阿賀野市,五頭温泉郷,湯本舘,—,阿賀野市今板温泉795-2,,37.808723,139.292160,住所,県組合・五頭温泉郷,
下越,阿賀野市,五頭温泉郷,珍生館,ホテル†,阿賀野市出湯760-7,,37.818258,139.300860,施設,県組合・五頭温泉郷,node/6155026198
下越,阿賀野市,五頭温泉郷,ふるさとがしのばれる宿 角屋旅館,旅館※,新潟県阿賀野市村杉4631-1,,37.799847,139.286102,住所(概略),県組合,
下越,阿賀野市,五頭温泉郷,大石屋旅館,ホテル†,阿賀野市出湯800,,37.818279,139.300531,施設,県組合・五頭温泉郷,node/6155026197
中越,南魚沼市,六日町温泉旅館,旬彩の庄 坂戸城,—,南魚沼市坂戸292-4,025-773-3333,37.065308,138.883713,住所,県組合・六日町観光協会,
中越,南魚沼市,六日町・浦佐,金誠館 グレースコートレアリス,—,南魚沼市坂戸1-12,,37.058716,138.882431,住所(概略),県組合,
中越,南魚沼市,上の原地区,いろりあん,ホテル†,南魚沼市小栗山2089-4,025-773-5847,37.068775,138.848706,施設,県組合・六日町観光協会,way/1058188834
中越,南魚沼市,六日町・浦佐,旅館てじまや,旅館※,南魚沼市浦佐218-1,,37.164402,138.913803,住所,県組合,
中越,南魚沼市,六日町温泉旅館,真心一途の宿 ほてる木の芽坂,旅館・宿※,新潟県南魚沼市小栗山93-1,025-773-3456,37.069435,138.867416,住所,県組合・六日町観光協会,
中越,南魚沼市,六日町・浦佐,オーベルジュ みずあかり,—,新潟県南魚沼市泉５６４－１,,37.102852,138.909317,住所,県組合,
中越,南魚沼市,六日町温泉旅館,ryugon,—,新潟県南魚沼市坂戸1-6,025-772-3470,37.058716,138.882431,住所(概略),県組合・六日町観光協会,
中越,南魚沼市,六日町温泉旅館,ホテル ダ フェールイン六日町,ホテル†,新潟県南魚沼市六日町1418,025-788-1188,37.062609,138.879933,施設,県組合・六日町観光協会,way/964438158
中越,南魚沼市,六日町・浦佐,浦佐ホテルオカベ,ホテル※,南魚沼市浦佐1139,,37.166210,138.924850,住所,県組合,
中越,十日町市,十日町・松之山温泉,ホテルむかでや,旅館,十日町市高田町2丁目93ー5,025-757-1177,37.132275,138.755163,施設,県組合・十日町市,node/3921554713
中越,十日町市,十日町・松之山温泉,心の宿 やすらぎ,旅館/温泉,新潟県十日町市六箇二ツ屋,025-757-1547,37.127499,138.755569,住所(概略),県組合・十日町市,
中越,十日町市,十日町・松之山温泉,原田屋旅館,旅館,十日町市本町5丁目212番地,025-752-2121,37.135082,138.761169,住所,県組合・十日町市,
中越,十日町市,十日町・松之山温泉,ホテル しみず,ホテル,新潟県十日町市本町2丁目223番地,025-752-2058,37.130981,138.760620,住所,県組合・十日町市,
中越,十日町市,十日町・松之山温泉,旅館 清水屋,旅館,新潟県十日町市昭和町4丁目131-2,025-752-2477,37.134808,138.758148,住所,県組合・十日町市・楽天トラベル,
中越,十日町市,十日町・松之山温泉,松之山温泉  和泉屋,旅館/温泉,新潟県十日町市松之山湯本7-1,025-596-2001,37.063736,138.587234,住所(概略),県組合・十日町市・楽天トラベル,
中越,十日町市,十日町・松之山温泉,地酒の宿 旅館明星,旅館/温泉/日帰り温泉,新潟十日町市松之山天水越88-2,025-596-2544,37.916077,139.036545,住所,県組合・十日町市,
中越,十日町市,十日町・松之山温泉,清津峡湯元温泉 清津館,温泉/日帰り温泉,十日町市小出癸2126番地1,025-763-2181,36.953156,138.734940,住所(概略),県組合・十日町市,
中越,十日町市,十日町・松之山温泉,ハヤマ荘,旅館,新潟県十日町市川治2186-5,025-757-5760,37.111504,138.751556,住所,県組合・十日町市,
中越,十日町市,十日町・松之山温泉,ひなの宿 ちとせ,温泉/日帰り温泉,新潟県十日町市松之山湯本49-1,025-596-2525,37.064785,138.599219,施設,県組合・十日町市,node/11045596080
中越,十日町市,十日町・松之山温泉,薬湯香ル宿 白川屋旅館,温泉/日帰り温泉,新潟県十日町市松之山湯本55-1,025-596-2003,37.063736,138.587234,住所(概略),県組合・十日町市,
中越,十日町市,十日町・松之山温泉,酒の宿 玉城屋,旅館/温泉,十日町市松之山湯本13,025-596-2057,37.063736,138.587234,住所(概略),県組合・十日町市,
中越,十日町市,十日町・松之山温泉,凌雲閣,温泉,十日町市松之山天水越81,025-596-2100,37.042458,138.578583,住所,県組合・十日町市,
中越,十日町市,十日町・松之山温泉,塩ノ又温泉 湯元荘,温泉/日帰り温泉,十日町市庚553,025-752-2169,37.047569,138.786285,住所,県組合・十日町市,
中越,十日町市,十日町・松之山温泉,山の森のホテル ふくずみ,温泉,十日町市松之山湯本1388-2,025-596-2323,37.065845,138.601491,施設,県組合・十日町市,node/11045596081
中越,十日町市,十日町・松之山温泉,和泉屋旅館,旅館※,十日町市山崎 イ33-2,,37.051147,138.694412,住所(概略),県組合,
中越,十日町市,十日町・松之山温泉,林屋旅館,旅館,十日町市山崎乙1463-子,021-02-1985,37.051147,138.694412,住所(概略),県組合・十日町市・楽天トラベル,
中越,十日町市,十日町・松之山温泉,清津峡ホテルせとぐち,ホテル※,十日町市西田尻辛168,,36.994171,138.724319,住所(概略),県組合,
中越,十日町市,十日町・松之山温泉,あてま高原リゾート ベルナティオ,ホテル/温泉,十日町市馬場癸1239,025-758-4888,37.054420,138.734818,住所,県組合・十日町市,
下越,五泉市,咲花温泉,碧水荘,ホテル†,五泉市佐取3062,,37.736142,139.295871,施設,県組合,way/1225832760
下越,五泉市,咲花温泉,一水荘,ホテル†,新潟県五泉市佐取7209,,37.735516,139.294039,施設,県組合,way/451982311
下越,五泉市,咲花温泉,ホテル丸松,ホテル†,五泉市佐取2986,,37.736131,139.294234,施設,県組合,way/451982318
下越,五泉市,咲花温泉,柳水園,ホテル†,五泉市佐取7241,,37.735730,139.292406,施設,県組合,way/451982313
下越,五泉市,咲花温泉,阿賀のめぐみ 望川閣,—,五泉市佐取2869,,37.736595,139.290176,住所,県組合,
下越,五泉市,咲花温泉,翠玉の湯 佐取館,ホテル†,新潟県五泉市佐取3008,,37.736241,139.294570,施設(照合),県組合,way/451982319
中越,南魚沼市,塩沢・大沢,里山十帖,—,南魚沼市大沢1209-6,,37.021019,138.802414,住所,県組合,
中越,南魚沼市,塩沢・大沢,大沢舘,—,南魚沼市塩沢町大沢1170,,37.044682,138.809525,住所,県組合,
中越,魚沼市,大湯温泉,友家ホテル,ホテル※,魚沼市大湯温泉282,025-795-2111,37.194149,139.080185,住所(概略),県組合・魚沼市,
中越,魚沼市,大湯温泉,源泉湯の宿 かいり,旅館・宿※,魚沼市大湯温泉301,025-795-2311,37.192837,139.082138,住所,県組合・魚沼市,
中越,魚沼市,栃尾又温泉,自在館,旅館・宿※,魚沼市栃尾又温泉,025-795-2211,37.236431,138.963776,住所(概略),県組合・魚沼市,
中越,魚沼市,大湯温泉・栃尾又温泉,神風館,旅館・宿※,魚沼市上折立59,,37.193848,139.085495,住所(概略),県組合,
中越,魚沼市,大湯温泉・栃尾又温泉,ホテル湯元,ホテル†,新潟県魚沼市上折立460,,37.195087,139.080893,施設,県組合,way/272484310
中越,魚沼市,栃尾又温泉,心がほどける五感を愉しむ 宝巌堂,—,新潟県魚沼市上折立６０−乙,,37.193848,139.085495,住所(概略),県組合・魚沼市,
中越,魚沼市,大湯温泉,大湯温泉 湯元庄屋 和泉屋旅館,ホテル†,魚沼市大湯温泉298,025-795-2031,37.193461,139.081093,施設(照合),県組合・魚沼市・楽天トラベル,way/895236828
上越,妙高市,妙高温泉,妙高・山里の湯宿 香風館,旅館,妙高市大字関川643-11,0255-86-2046,36.866713,138.206483,施設,県組合・妙高市,way/802328357
中越,長岡市,寺泊,美味探究の宿 住吉屋,旅館・宿※,新潟県長岡市寺泊大町7745-1,,37.644131,138.767471,住所(概略),県組合,
中越,長岡市,寺泊,三松亭,旅館・宿※,長岡市寺泊竹森1072-3,,37.620827,138.815201,住所,県組合,
中越,長岡市,寺泊,割烹旅館田甚,旅館※,長岡市寺泊大町7700,,37.644131,138.767471,住所(概略),県組合,
中越,長岡市,寺泊,寺泊温泉北新館,旅館・宿※,長岡市寺泊年友1039,,37.621418,138.775528,住所,県組合,
中越,長岡市,寺泊,割烹の宿山長,ホテル†,長岡市寺泊野積2541,,37.680699,138.785439,施設,県組合,node/3656204682
中越,長岡市,寺泊,阿弥陀様の湯あだち,—,長岡市寺泊郷本220-8,,37.607502,138.751099,住所(概略),県組合,
中越,長岡市,寺泊,海風亭寺泊日本海,ホテル†,長岡市寺泊上荒町9353-126,,37.638919,138.763518,施設,県組合,way/854449246
中越,長岡市,寺泊,旅館・食事処 きんぱち,旅館※,長岡市寺泊花立9353-131,,37.632336,138.762756,住所,県組合,
中越,長岡市,寺泊,寺泊岬温泉 ホテル飛鳥,ホテル※,新潟県長岡市寺泊野積107,,37.686230,138.792831,住所(概略),県組合,
中越,小千谷市,小千谷・小出,ホテル千景,ホテル※,小千谷市城内2-2-1,,37.312927,138.798340,住所,県組合,
中越,小千谷市,小千谷・小出,旅館上の湯,旅館※,小千谷市大字薭生丁546-2,,37.314442,138.795013,住所,県組合,
中越,小千谷市,小千谷・小出,ホテルプラザ片山,ホテル†,小千谷市本町1-7-3,,37.310706,138.799283,施設,県組合,node/5563961823
中越,小千谷市,小千谷・小出,旅館魚伝,旅館※,小千谷市本町2-6-21,,37.308651,138.795090,住所,県組合,
中越,小千谷市,小千谷・小出,ビジネスホテル小千谷パーク,ホテル※,小千谷市稲荷町2-6,,37.307545,138.796570,住所,県組合,
中越,小千谷市,小千谷・小出,ホテルニュープラザ,ホテル※,小千谷市城内1-2-35,,37.311707,138.798447,住所,県組合,
中越,小千谷市,小千谷・小出,割烹旅館みや,旅館※,小千谷市船岡2-2-2,,37.304047,138.796860,住所,県組合,
中越,魚沼市,小出・薬師温泉,小出ホテルオカベ,ホテル※,魚沼市四日町1315,025-792-6677,37.234089,138.953003,住所,県組合・魚沼市,
中越,魚沼市,小出・薬師温泉,須田屋旅館,旅館※,魚沼市本町1-7,025-792-0027,37.231873,138.958298,住所,県組合・魚沼市,
中越,小千谷市,小千谷・小出,川岸屋旅館,ゲストハウス/民宿†,新潟県小千谷市東栄1-2-3,,37.309241,138.813336,施設,県組合,node/2744613712
下越,新潟市西蒲区,岩室温泉,高志の宿 高島屋,旅館・宿※,新潟県新潟市西蒲区岩室温泉６７８甲,,37.737312,138.837845,住所(概略),県組合,
下越,新潟市西蒲区,岩室温泉,著莪の里 ゆめや,—,新潟市西蒲区岩室温泉905-1,,37.734886,138.836807,住所,県組合・新潟市台帳,
下越,新潟市西蒲区,岩室温泉,木のぬくもりの宿 濱松屋,旅館・宿※,新潟市西蒲区岩室温泉328,,37.738918,138.839157,住所,県組合・新潟市台帳,
下越,新潟市西蒲区,岩室温泉,ホテル 富士屋,ホテル※,新潟市西蒲区岩室温泉693,0256-82-4151,37.736015,138.837234,住所(概略),県組合・新潟市台帳・燕市観光協会,
下越,新潟市西蒲区,岩室温泉,めんめん亭 わたや,ホテル†,新潟市西蒲区岩室温泉581,,37.736209,138.838537,施設,県組合・新潟市台帳,node/13729801336
下越,新潟市西蒲区,岩室温泉,小さなお宿 小松屋,旅館・宿※,新潟市西蒲区岩室温泉681,,37.737312,138.837845,住所(概略),県組合・新潟市台帳,
下越,新潟市西蒲区,岩室温泉,割烹旅館 松屋,旅館※,新潟市西蒲区岩室温泉605,,37.737221,138.838867,住所,県組合・新潟市台帳,
下越,新潟市西蒲区,岩室温泉,越後平野と弥彦連山一望の宿 穂々 ―hoho―,旅館・宿※,新潟市西蒲区岩室温泉340甲,,37.737804,138.839798,住所,県組合・新潟市台帳・楽天トラベル,
下越,新潟市西蒲区,岩室温泉,ゆもとや,—,新潟市西蒲区岩室温泉91-1,,37.741043,138.837891,住所,県組合・新潟市台帳,
中越,弥彦村,弥彦温泉,上州苑,—,新潟県西蒲原郡弥彦村観音寺494,0256-94-2114,37.693153,138.819229,住所(概略),県組合・弥彦村,
中越,弥彦村,弥彦温泉,お宿 だいろく,旅館・宿※,西蒲原郡弥彦村弥彦946,0256-94-2026,37.702187,138.828003,住所,県組合・弥彦村・燕市観光協会,
中越,弥彦村,弥彦温泉,山本館,旅館・宿※,新潟県西蒲原郡弥彦村弥彦670,0256-94-2061,37.703419,138.827972,住所(概略),県組合・弥彦村・燕市観光協会,
中越,弥彦村,弥彦温泉,四季の宿 みのや,旅館・宿※,西蒲原郡弥彦村弥彦2927-1,0256-94-2010,37.704380,138.826859,住所(概略),県組合・弥彦村・燕市観光協会,
中越,弥彦村,弥彦温泉,弥彦館 冥加屋（ペット可）,—,西蒲原郡弥彦村弥彦1237,0256-94-2034,37.703869,138.828079,住所,県組合・弥彦村・燕市観光協会,
中越,弥彦村,弥彦温泉,ホテルヴァイス,ホテル※,西蒲原郡弥彦村弥彦2929,0256-94-5612,37.704380,138.826859,住所(概略),県組合・弥彦村・燕市観光協会,
中越,弥彦村,弥彦温泉,割烹の宿 櫻家,旅館※,西蒲原郡弥彦村弥彦1043-41,0256-94-2009,37.701176,138.830688,住所(概略),県組合・弥彦村・燕市観光協会,
中越,弥彦村,弥彦温泉,名代家,—,新潟県弥彦村弥彦2934,0256-94-2013,37.704380,138.826859,住所(概略),県組合・弥彦村・燕市観光協会,
中越,弥彦村,弥彦温泉,弥彦温泉 旅館 清水屋,旅館※,新潟県西蒲原郡弥彦村大字弥彦2921-1,0256-94-2015,37.704380,138.826859,住所(概略),県組合・楽天トラベル・弥彦村・燕市観光協会,
中越,魚沼市,折立温泉・吉田・広瀬郷・銀山平,旅館長者,旅館※,魚沼市下折立501,,37.207275,139.060150,住所(概略),県組合,
中越,魚沼市,守門,一力旅館,旅館※,魚沼市須原1845,025-797-2016,37.335449,139.011948,住所,県組合・魚沼市,
中越,魚沼市,守門,港屋旅館,旅館※,魚沼市須原2908-2,025-797-2005,37.323315,139.020462,住所,県組合・魚沼市,
中越,魚沼市,銀山平温泉,10 stories hotel Oze 尾瀬十帖,—,魚沼市下折立1031-2,0570-001-810,37.207275,139.060150,住所(概略),県組合・魚沼市,
中越,魚沼市,折立温泉,ホテル さかえや,ホテル※,新潟県魚沼市下折立494-2,025-795-2134,37.206680,139.062012,住所(概略),県組合・魚沼市,
上越,妙高市,新井,三村屋旅館,旅館※,新潟県妙高市東雲町１－１,,37.028156,138.255066,住所,県組合,
下越,新潟市中央区,古町エリア,ホテルオークラ新潟,ホテル†,新潟県新潟市中央区川端町6丁目53番地,025-224-6111,37.919904,139.051063,施設,県組合・新潟市・新潟市台帳,way/340232676
下越,新潟市中央区,万代エリア,万代シルバーホテル,ホテル†,新潟県新潟市中央区万代１丁目３−３０,025-243-3711,37.916114,139.056144,施設,県組合・新潟市・新潟市台帳,way/154084285
下越,新潟市中央区,新潟駅南（南口）エリア,JR東日本ホテルメッツ 新潟,ホテル†,新潟県新潟市中央区花園1-96-47,025-246-2100,37.911282,139.060755,施設(照合),県組合・新潟市・新潟市台帳,node/4681885487
下越,新潟市中央区,新潟駅前（万代口）エリア,新潟ターミナルホテル,ホテル†,新潟市中央区花園1-6-31,025-241-7777,37.913852,139.063622,施設,県組合・新潟市・新潟市台帳,way/702450338
下越,新潟市北区,,旅館長岡屋,ホテル†,新潟市北区白新町2-3-24,025-387-2245,37.917609,139.216864,施設,県組合・新潟市台帳・楽天トラベル,way/469681268
下越,新潟市中央区,新潟駅前（万代口）エリア,ホテルサンルート新潟,ホテル†,新潟県新潟市中央区東大通1-11-5,025-246-6161,37.914760,139.064098,施設(照合),県組合・新潟市・新潟市台帳,way/702450479
下越,新潟市江南区,,やすらぎの宿 大倉,旅館・宿※,新潟市江南区西町４－１－５,,37.874386,139.106400,住所(概略),県組合,
下越,新潟市中央区,古町エリア,ホテルクラウンヒルズ新潟,ホテル†,新潟市中央区東堀通8番町1429,025-229-1695,37.923550,139.045936,施設,県組合・新潟市・新潟市台帳,way/339533543
下越,新潟市中央区,古町エリア,新潟シティホテル,ホテル†,新潟市中央区古町通8番町2430番地,025-224-4121,37.923656,139.045509,施設,県組合・新潟市・新潟市台帳,way/381543568
下越,新潟市西蒲区,,海華亭 かわい,—,新潟市西蒲区間瀬田ノ浦7077,,37.728237,138.805023,住所(概略),県組合・新潟市台帳,
下越,新潟市中央区,新潟駅前（万代口）エリア,新潟京浜ホテル,ホテル†,新潟県新潟市中央区弁天1-3-15,025-249-1177,37.913551,139.058578,施設,県組合・新潟市・新潟市台帳,way/347367345
下越,新潟市中央区,古町エリア,入澤旅館,旅館※,–8062　新潟市中央区西堀前通1-704,025-222-9013,37.916382,139.039581,住所,県組合・新潟市・新潟市台帳,
下越,新潟市中央区,新潟駅南（南口）エリア,アートホテル新潟駅前,ホテル†,新潟市中央区笹口1-1,025-240-2111,37.911182,139.063677,施設(照合),県組合・新潟市・新潟市台帳,node/4431036114
下越,新潟市中央区,古町エリア,ホテル イタリア軒,ホテル†,新潟市中央区西堀通七番町1574番地,025-224-5111,37.925255,139.044167,施設,県組合・新潟市・新潟市台帳,way/233330773
下越,新潟市中央区,新潟駅前（万代口）エリア,ニイガタステーションホテル,ホテル†,新潟市中央区弁天1-2-10,025-243-5151,37.913015,139.059217,施設,県組合・新潟市・新潟市台帳,way/347367350
下越,新潟市中央区,,コートホテル,ホテル※,新潟市中央区弁天2-3-35,,37.914925,139.057770,住所(概略),県組合,
下越,新潟市中央区,新潟駅前（万代口）エリア,新潟東映ホテル,ホテル†,新潟市中央区弁天2-1-6,025-244-7101,37.914651,139.058636,施設,県組合・新潟市・新潟市台帳,way/154084295
下越,新潟市中央区,新潟駅南（南口）エリア,新潟パークホテル,ホテル※,新潟市中央区南笹口1-8-10,025-245-5571,37.909599,139.065933,住所,県組合・新潟市・新潟市台帳,
下越,新潟市西区,,旅館 橋本屋,ホテル†,新潟市西区黒鳥5956,025-377-2306,37.858220,138.985027,施設,県組合・新潟市台帳・楽天トラベル,way/1234218426
下越,新潟市中央区,古町エリア,カントリーホテル新潟,ホテル†,新潟市中央区本町通６番町1140-1,025-229-3300,37.921290,139.046946,施設,県組合・新潟市・新潟市台帳,way/345157948
下越,新潟市中央区,新潟駅前（万代口）エリア,スーパーホテル新潟,ホテル†,新潟市中央区明石1-6-13,025-247-9000,37.916705,139.066045,施設(照合),県組合・新潟市・新潟市台帳,way/619149779
下越,新潟市中央区,新潟駅前（万代口）エリア,ホテルグローバルビュー新潟,ホテル※,新潟県新潟市中央区弁天１丁目２－４,025-244-5151,37.913086,139.059784,住所,県組合・新潟市・新潟市台帳,
下越,新潟市江南区,磐越道 新潟中央IC・ ビッグスワン周辺,ホテルビジネスイン新潟南,ホテル※,新潟市江南区下早通柳田2-3-1,025-381-8800,37.876778,139.077942,住所,県組合・新潟市・新潟市台帳,
下越,新潟市西区,郊外,ホテル寺尾,ホテル†,新潟市西区寺尾朝日通19-9,025-267-7677,37.884220,138.984825,施設,県組合・新潟市・新潟市台帳,node/13939598737
下越,新発田市,新発田・聖籠,INN皆川旅館,旅館※,新潟県新発田市大手町1丁目6-21,,37.949940,139.322937,住所(概略),県組合,
下越,新発田市,新発田・聖籠,ホテル丸井,ホテル†,新潟県新発田市諏訪町2丁目1-9,,37.945527,139.330919,施設,県組合,way/653501079
下越,新発田市,新発田・聖籠,駅前竹内旅館,旅館※,新潟県新発田市諏訪町１丁目２−１,,37.944408,139.334442,住所,県組合,
下越,新発田市,新発田・聖籠,旅館ますがた荘,旅館※,新発田市五十公野4498-1,0254-22-3473,37.941799,139.357544,住所,県組合・新発田市,
下越,新発田市,新発田・聖籠,角米沢屋旅館,旅館※,新発田市菅谷863,0254-29-2008,37.984943,139.412430,住所,県組合・新発田市,
下越,新発田市,新発田・聖籠,新発田ニューホテルプラザ,ホテル†,新発田市諏訪町1-9-29,0254-28-8322,37.943695,139.333055,施設,県組合・新発田市,node/925435969
下越,聖籠町,新発田・聖籠,パンション・プチ・カザデラ,—,北蒲原郡聖籠町次第浜3267-1,,38.015240,139.279388,住所,県組合,
下越,聖籠町,新発田・聖籠,ホテルざぶ～ん,ホテル※,北蒲原郡聖籠町大字諏訪山652-3,,37.970749,139.282150,住所,県組合,
下越,聖籠町,新発田・聖籠,新潟東港港湾労働者福祉センター,—,北蒲原郡聖籠町東港4丁目2826-2,,37.965855,139.235733,住所,県組合,
上越,妙高市,新赤倉,コルチナ荘,旅館,新潟県妙高市田切218-2,0255-87-2108,36.888222,138.184128,住所(概略),県組合・妙高市,
上越,妙高市,新赤倉,Myoko Onsen cottage Ajisai,コテージ/シャレー†,新潟県妙高市田切218,,36.888044,138.181849,施設(照合),県組合,node/14111812377
上越,妙高市,新赤倉,エホー旅館,旅館,新潟県妙高市田切218-139,0255-87-2128,36.888222,138.184128,住所(概略),県組合・妙高市,
上越,妙高市,新赤倉,藤原荘,旅館・宿※,新潟県妙高市新赤倉218-2,,36.996410,138.225449,住所,県組合,
上越,妙高市,新赤倉,旅館おかやま,旅館,新潟県妙高市田切218,0255-87-2056,36.888222,138.184128,住所(概略),県組合・妙高市,
上越,妙高市,新赤倉,新赤倉館,旅館・宿※,新潟県妙高市田切218,,36.888222,138.184128,住所(概略),県組合,
上越,妙高市,新赤倉,ホテルモック,ホテル※,新潟県妙高市田切218-2,,36.888222,138.184128,住所(概略),県組合,
上越,妙高市,新赤倉,ロッヂライネ,ゲストハウス/民宿†,新潟県妙高市田切218-2,,36.886430,138.179376,施設,県組合,way/776206834
上越,妙高市,新赤倉,ウッディハウス風見鶏,ペンション,新潟県妙高市大字田口1456-7,0255-87-2652,36.882900,138.184906,住所(概略),県組合・妙高市,
上越,妙高市,新赤倉,ヴィラ・モンルポ,ペンション,新潟県妙高市田切218-83,0255-87-2707,36.887766,138.174520,施設(照合),県組合・妙高市,way/394110837
上越,妙高市,新赤倉,ペンションポコアポコ,ペンション※,新潟県妙高市大字田口1469-5,,36.882900,138.184906,住所(概略),県組合,
上越,妙高市,新赤倉,ペンションボンク,ペンション※,新潟県妙高市大字田口1424-2,,36.879608,138.198166,住所(概略),県組合,
上越,妙高市,新赤倉,ペンション山ぶどう,ホテル†,新潟県妙高市田口1556-79,,36.883971,138.192723,施設,県組合,way/1222164379
上越,妙高市,新赤倉,ペンション夢民,ペンション,新潟県妙高市田口1451-12,0255-87-2415,36.879608,138.198166,住所(概略),県組合・妙高市,
上越,妙高市,新赤倉,ロッヂ大野,ロッジ,新潟県妙高市田口1410,0255-87-2037,36.879608,138.198166,住所(概略),県組合・妙高市,
上越,妙高市,新赤倉,ヴィラ・シャモア,ロッジ,新潟県妙高市田切218-1,0255-87-2252,36.888222,138.184128,住所(概略),県組合・妙高市,
上越,妙高市,新赤倉,赤倉ユアーズイン,ホテル,新潟県妙高市田切219-70,0255-87-2427,36.887489,138.194321,住所,県組合・妙高市,
上越,妙高市,新赤倉,ロッヂ モンテローザ,ロッジ,新潟県妙高市田切218-2,0255-87-2635,36.888222,138.184128,住所(概略),県組合・妙高市,
上越,妙高市,新赤倉,プチハウスふぉ～ゆ～,ペンション,新潟県妙高市田口1438-1,0255-87-3231,36.879608,138.198166,住所(概略),県組合・妙高市,
上越,妙高市,新赤倉,ロッヂトロンコ,ロッジ,新潟県妙高市田口1438-14,0255-87-3929,36.879608,138.198166,住所(概略),県組合・妙高市,
上越,妙高市,新赤倉,ホテル ミモザ館,旅館,新潟県妙高市田切554-1,0255-87-2079,36.887582,138.199531,施設,県組合・妙高市,way/1222160152
下越,新発田市,月岡温泉,月岡温泉 摩周,—,新潟県新発田市月岡温泉654-1,,37.881779,139.308670,住所(概略),県組合,
下越,新発田市,月岡温泉,白玉の湯 泉慶,ホテル†,新潟県新発田市月岡温泉453番地,,37.879563,139.312788,施設,県組合,relation/9138526
下越,新発田市,月岡温泉,したしみの宿 東栄館,ホテル†,新発田市月岡温泉552-2,,37.880867,139.308338,施設,県組合,way/657142811
下越,新発田市,月岡温泉,白玉の湯 華鳳,ホテル†,新発田市月岡温泉134,,37.880455,139.314319,施設,県組合,way/657142831
下越,新発田市,月岡温泉,広瀬館 ひてんの音,—,新発田市月岡温泉278-4,,37.878590,139.310562,住所,県組合,
下越,新発田市,月岡温泉,ホテル清風苑,ホテル†,新発田市月岡温泉278-2,,37.878635,139.310339,施設,県組合,way/657142826
下越,新発田市,月岡温泉,ホテル太洋,ホテル※,新発田市月岡温泉370-2,0254-32-2411,37.880409,139.310455,住所,県組合・楽天トラベル,
下越,新発田市,月岡温泉,月岡温泉 湯あそび宿 曙（あけぼの）,ホテル†,新発田市月岡温泉552-4,,37.881078,139.308477,施設(照合),県組合,way/657142812
下越,新発田市,月岡温泉,村上館 湯伝,ホテル†,新発田市月岡温泉230,,37.878734,139.311837,施設,県組合,way/657142816
下越,新発田市,月岡温泉,越の宿南風南原,旅館・宿※,新発田市月岡温泉524-1,,37.881996,139.311218,住所,県組合,
下越,新発田市,月岡温泉,湯宿あかまつ,—,新発田市月岡温泉552-24,,37.881779,139.308670,住所(概略),県組合,
下越,新発田市,月岡温泉,割烹の宿いま井 五十嵐邸結,ホテル†,新潟県新発田市月岡温泉350,,37.879237,139.309423,施設(照合),県組合,way/657142818
下越,新発田市,月岡温泉,月岡温泉ホテルひさご荘,ホテル†,新発田市月岡温泉552-16,,37.881569,139.309810,施設(照合),県組合,way/657142825
上越,妙高市,杉野沢,癒しの宿 旅館田端屋,旅館※,妙高市大字杉野沢2468,,36.848278,138.160217,住所(概略),県組合,
上越,妙高市,杉野沢,スポーツプラザ四季・原田荘,民宿,新潟県妙高市大字杉野沢2590,0255-86-6016,36.847614,138.158524,住所(概略),県組合・妙高市,
上越,妙高市,杉野沢,空飛ブウサギ,ペンション,新潟県妙高市大字杉野沢229-2,0255-86-6969,36.858971,138.144028,住所(概略),県組合・妙高市,
上越,妙高市,杉野沢,秀雲荘,旅館・宿※,新潟県妙高市杉野沢2005,,36.850368,138.162140,住所(概略),県組合,
中越,柏崎市,柏崎・刈羽,柏崎海浜ホテル,ホテル※,新潟県柏崎市北園町20-52,,37.378407,138.558594,住所,県組合,
中越,柏崎市,柏崎・刈羽,旅館 大家,旅館,柏崎市東の輪町３―２４,0257-22-6063,37.360645,138.523895,住所,県組合・柏崎市,
中越,柏崎市,柏崎・刈羽,天屋旅館,旅館,柏崎市西港町5-39,0257-23-5510,37.370655,138.548080,住所,県組合・柏崎市,
中越,柏崎市,柏崎・刈羽,旅館安田館,旅館※,柏崎市大字安田1724-3,,37.341728,138.612427,住所,県組合,
中越,長岡市,柏崎・刈羽,相野屋旅館,旅館※,長岡市小国町横沢268-2,,37.309734,138.692703,住所,県組合,
中越,柏崎市,柏崎・刈羽,じょんのび村萬歳楽,旅館,柏崎市高柳町高尾10-1,0257-41-2222,37.216682,138.610443,住所(概略),県組合・柏崎市,
中越,柏崎市,柏崎・刈羽,海辺の宿 浪花屋 夕凪亭,旅館,新潟県柏崎市鯨波３丁目１１−６,0257-23-3030,37.354868,138.510342,施設(照合),県組合・柏崎市,way/1261383547
中越,柏崎市,柏崎・刈羽,ザ・ホテルシーポート,ホテル※,新潟県柏崎市青海川133-1,,37.341232,138.486465,住所,県組合,
中越,柏崎市,柏崎・刈羽,シーユース雷音,ホテル,新潟県柏崎市西港町12-11,0257-22-5740,37.371391,138.547531,住所,県組合・柏崎市・楽天トラベル,
上越,妙高市,池の平,Lime Resort Myoko（ライムリゾートミョウコウ）,ホテル,新潟県妙高市大字関川2251番地2,0255-75-5115,36.863045,138.176285,住所,県組合・妙高市,
上越,妙高市,池の平,ロッヂ今井,ロッジ,新潟県妙高市大字関川2275-17,0255-86-4124,36.871985,138.173254,施設,県組合・妙高市,way/802382181
上越,妙高市,池の平,池廼家旅館,旅館,妙高市大字関川2275-48,0255-86-2116,36.868206,138.176624,施設,県組合・妙高市,way/802370378
上越,妙高市,池の平,陶芸の宿エペレ,旅館,新潟県妙高市関川2275-53,0255-86-2077,36.868745,138.176873,施設,県組合・妙高市,way/802370387
上越,妙高市,池の平,エビス屋,ゲストハウス/民宿†,新潟県妙高市大字関川2307,,36.869310,138.177534,施設,県組合,way/802370392
上越,妙高市,池の平,パークロッヂ関根,ロッジ,新潟県妙高市池の平温泉2348-2,0255-86-4086,36.869583,138.181084,施設,県組合・妙高市,way/802370441
上越,妙高市,池の平,ロッヂシルバー音羽,ロッジ,新潟県妙高市関川2361,0255-86-3160,36.870463,138.183690,施設,県組合・妙高市,way/298059488
上越,妙高市,池の平,ペンション・アムール,ペンション,新潟県妙高市大字関川2243-8,0255-86-3411,36.871433,138.161087,住所,県組合・妙高市,
上越,妙高市,池の平,ペンション ムーミンパパ,ペンション,新潟県妙高市関川1252-10,0255-86-3940,36.862429,138.178702,施設,県組合・妙高市,way/802370351
上越,妙高市,池の平,ロッジ遊山,ロッジ,新潟県妙高市大字関川2343-2,0255-86-2446,36.869790,138.182784,施設,県組合・妙高市,way/802370448
上越,妙高市,池の平,ホテルアルペンブリック,ホテル,新潟県妙高市関川2452,0255-86-3180,36.869035,138.168149,施設,県組合・妙高市,way/397895938
上越,妙高市,池の平,宿ブローディア,ホテル†,新潟県妙高市関川1252-7,,36.862922,138.179075,施設,県組合,way/802370346
上越,妙高市,池の平,ロッヂ・ラー,ロッジ,新潟県妙高市大字関川2436-22,0255-86-4171,36.871428,138.169721,施設,県組合・妙高市,way/802382188
上越,妙高市,池の平,ロッジあめのうお,ロッジ,新潟県妙高市大字関川2361,0255-86-2336,36.870381,138.184175,施設,県組合・妙高市,way/802370450
中越,津南町,津南,伊勢屋旅館,旅館,中魚沼郡津南町下船渡丁2447-1,025-765-2004,37.026825,138.672546,住所,県組合・津南町観光協会,
中越,津南町,津南,逆巻温泉 川津屋,旅館,中魚沼郡津南町秋山郷逆巻84-1,025-767-2001,36.944771,138.670731,住所(概略),県組合・津南町観光協会,
中越,津南町,津南,綿屋旅館,旅館,中魚沼郡津南町下船渡戊450,025-765-2034,37.012258,138.649774,施設,県組合・津南町観光協会,way/789173478
中越,津南町,津南,花とほたる 湯のさと 雪国,—,中魚沼郡津南町外丸丁2274,,37.030327,138.638916,住所(概略),県組合,
中越,津南町,津南,越後田中温泉 しなの荘,旅館,新潟県中魚沼郡津南町大字上郷上田乙2163,025-765-2442,37.002934,138.625861,施設,県組合・津南町観光協会,way/675386441
中越,湯沢町,湯沢・中里,玉城屋旅館,旅館※,南魚沼郡湯沢町土樽5081-5,,36.897476,138.858398,住所(概略),県組合,
中越,湯沢町,岩原地区,ギンレイホテル,ホテル※,南魚沼郡湯沢町岩原731,025-787-3012,36.933987,138.817474,住所(概略),県組合・湯沢町組合,
中越,湯沢町,岩原地区,ホテル湯沢 湯沢でんき屋,ホテル†,南魚沼郡湯沢町土樽155,025-787-3020,36.925804,138.838936,施設,県組合・湯沢町組合,node/6359654757
中越,湯沢町,中里地区,ウッディハウスホスタ,—,南魚沼郡湯沢町土樽5484-1,025-787-4727,36.920486,138.847748,住所(概略),県組合・湯沢町組合,
中越,湯沢町,岩原地区,浦子の湯 温泉民宿高野屋,ホテル†,南魚沼郡湯沢町土樽146-2,025-787-3054,36.926282,138.839200,施設,県組合・湯沢町組合,way/1204088103
中越,湯沢町,中里地区,エンゼルグランディア越後中里,—,南魚沼郡湯沢町土樽4707-1,025-787-2811,36.904308,138.848846,住所,県組合・湯沢町組合,
中越,湯沢町,湯沢温泉街地区,一望千里御湯宿中屋,ホテル†,新潟県南魚沼郡湯沢町湯沢924,025-784-3522,36.946799,138.799679,施設(照合),県組合・湯沢町組合,node/12164939032
中越,湯沢町,中里地区,ヴィラ・グリーングラス,貸別荘/コテージ※,新潟県南魚沼郡湯沢町土樽5869,025-787-3217,36.915665,138.844910,住所(概略),県組合・湯沢町組合,
中越,湯沢町,湯沢温泉街地区,ホテル双葉,ホテル†,南魚沼郡湯沢町湯沢419,025-784-3357,36.937539,138.804162,施設,県組合・湯沢町組合,way/1301335832
中越,湯沢町,湯沢温泉街地区,越後湯沢温泉 湯沢グランドホテル,ホテル†,南魚沼郡湯沢町湯沢2494,025-785-5050,36.935300,138.807361,施設(照合),県組合・湯沢町組合・楽天トラベル,node/11048839690
中越,湯沢町,湯沢温泉街地区,湯沢東映ホテル,ホテル※,南魚沼郡湯沢町湯沢3459,025-784-2150,36.931316,138.798965,住所(概略),県組合・湯沢町組合,
中越,湯沢町,湯沢温泉街地区,雪国の宿 高半,ホテル†,南魚沼郡湯沢町湯沢923,025-784-3333,36.947272,138.799557,施設,県組合・湯沢町組合,node/12164939073
中越,湯沢町,湯沢温泉街地区,和みのお宿 滝乃湯,旅館・宿※,南魚沼郡湯沢町湯沢345-1,025-784-3421,36.938557,138.805023,住所(概略),県組合・湯沢町組合,
中越,湯沢町,湯沢温泉街地区,音羽屋旅館,ホテル†,南魚沼郡湯沢町湯沢419,025-784-3412,36.938400,138.804508,施設,県組合・湯沢町組合,node/303100474
中越,湯沢町,湯沢温泉街地区,越後のお宿 いなもと,ホテル†,南魚沼郡湯沢町湯沢2497,025-784-2251,36.936243,138.807395,施設,県組合・湯沢町組合,node/11048847511
中越,湯沢町,湯沢温泉街地区,ホテルバレ・ヴィラージュ,貸別荘/コテージ※,南魚沼郡湯沢町湯沢2-2-14,025-784-2711,36.938011,138.809341,住所(概略),県組合・湯沢町組合,
中越,湯沢町,湯沢温泉街地区,大峰山荘,ゲストハウス/民宿†,新潟県南魚沼郡湯沢町湯沢493-5,025-784-2375,36.940492,138.804852,施設,県組合・湯沢町組合,way/396232156
中越,湯沢町,湯沢温泉街地区,湯元眺望閣 湯居間蔵 YUIMAKURA,ホテル†,新潟県南魚沼郡湯沢町湯沢933,025-784-2033,36.946526,138.798928,施設(照合),県組合・湯沢町組合,node/12164939008
中越,湯沢町,湯沢温泉街地区,松泉閣 花月,ホテル†,新潟県南魚沼郡湯沢町湯沢318-5,025-784-2540,36.937559,138.806239,施設,県組合・湯沢町組合,node/11048839685
中越,湯沢町,湯沢温泉街地区,越後湯澤HATAGO井仙,—,新潟県南魚沼郡湯沢町湯沢2455,025-784-3361,36.935802,138.806931,住所,県組合・湯沢町組合,
中越,湯沢町,湯沢温泉街地区,湯けむりの宿 雪の花,ホテル†,南魚沼郡湯沢町大字湯沢317-1,025-785-2511,36.937143,138.806834,施設,県組合・湯沢町組合,node/11048839691
中越,湯沢町,湯沢温泉街地区,NASPAニューオータニ,—,新潟県南魚沼郡湯沢町湯沢2117-9,025-780-6111,36.931316,138.798965,住所(概略),県組合・湯沢町組合,
中越,湯沢町,湯沢温泉街地区,越後湯沢温泉  さくら亭,旅館・宿※,新潟県南魚沼郡湯沢町湯沢1926-4,025-775-7830,36.932930,138.811066,住所(概略),県組合・湯沢町組合,
中越,湯沢町,湯沢温泉街地区,湯沢スキーハウス,—,新潟県南魚沼郡湯沢町湯沢498-1,025-784-2455,36.941433,138.805252,住所(概略),県組合・湯沢町組合,
中越,田上町,湯田上温泉,越後乃お宿わか竹,ホテル†,南蒲原郡田上町田上乙1370,+81 256 57 2044,37.715415,139.081904,施設,県組合,way/1092628393
中越,田上町,湯田上温泉,旅館初音,ホテル†,南蒲原郡田上町田上丙1318-4,,37.712351,139.078663,施設,県組合,way/1092628450
中越,田上町,湯田上温泉,末廣館,ホテル†,南蒲原郡田上町田上乙535-3,,37.709972,139.077671,施設,県組合,way/1092632603
中越,田上町,湯田上温泉,ホテル小柳,ホテル†,新潟県南蒲原郡田上町田上乙1322-1,,37.714947,139.083017,施設(照合),県組合,way/1092628396
下越,村上市,瀬波温泉,椿の宿 吉田や,旅館・宿※,新潟県村上市瀬波温泉2丁目5-36,,38.214451,139.442947,住所,県組合・瀬波温泉組合,
下越,村上市,瀬波温泉,くつろぎの宿 旅館 静雲荘,旅館※,村上市瀬波温泉1-2-85,,38.218609,139.441269,住所,県組合・瀬波温泉組合,
下越,村上市,瀬波温泉・村上,扇屋旅館,ホテル†,村上市田端町10-15,,38.220503,139.464951,施設,県組合,node/6152144799
下越,村上市,瀬波温泉,大和屋旅館,旅館※,村上市瀬波温泉2-5-28,,38.214314,139.442062,住所,県組合・瀬波温泉組合,
下越,村上市,瀬波温泉,大江戸温泉物語Premium 汐美荘,旅館・宿※,村上市瀬波温泉2-9-36,,38.214508,139.438385,住所,県組合・瀬波温泉組合・楽天トラベル,
下越,村上市,瀬波温泉・村上,トラベルＩＮＮ,—,村上市田端町9-39,,38.220337,139.464630,住所,県組合,
下越,村上市,瀬波温泉,大観荘 せなみの湯,ホテル†,新潟県村上市瀬波温泉2-10-24,,38.213425,139.437139,施設,県組合・瀬波温泉組合,way/552141538
下越,村上市,瀬波温泉・村上,いづみや旅館,ホテル†,新潟県村上市坂町2486-2,,38.119826,139.448186,施設,県組合,way/1276013920
下越,村上市,瀬波温泉,ゆうなみの宿 瀬波ビューホテル,ホテル※,新潟県村上市瀬波温泉3-5-38,,38.206818,139.433441,住所,県組合・瀬波温泉組合,
上越,上越市,直江津,越路荘,旅館・宿※,新潟県上越市中央1-1-4,,37.171928,138.243256,住所,県組合,
上越,上越市,直江津・春日山エリア,ホテルセンチュリーイカヤ,ホテル,新潟県上越市中央1-2-7,025-545-3111,37.171649,138.242906,施設,県組合・上越市,way/560602408
上越,上越市,直江津・春日山エリア,ホテルハイマート,ホテル,上越市中央1-2-3,025-543-3151,37.171402,138.242637,施設,県組合・上越市,way/560602577
上越,上越市,直江津・春日山エリア,旅館附船屋,旅館,上越市中央1-2-16,025-543-2262,37.172169,138.243088,住所,県組合・上越市,
上越,上越市,直江津・春日山エリア,旅館 有楽（外部リンク）,旅館,上越市中央5-15-1,0120-349489,37.176693,138.240326,住所,県組合・上越市,
上越,上越市,直江津・春日山エリア,豊田屋旅館,旅館,上越市西本町3-1-6,025-543-3373,37.171772,138.237932,施設,県組合・上越市,node/6361882528
上越,上越市,直江津・春日山エリア,米山ハートホテル,ホテル,上越市西本町3-2-20,025-543-2504,37.172043,138.237350,住所,県組合・上越市,
中越,南魚沼市,石打・舞子,ロッヂたかとし,ロッジ※,南魚沼市舞子2056-91,,36.976864,138.826538,住所(概略),県組合,
中越,南魚沼市,石打・舞子,石打スキーセンター,—,南魚沼市石打2321,,36.969105,138.803482,住所(概略),県組合,
中越,南魚沼市,石打・舞子,丸山温泉ホテル古城館,ホテル†,南魚沼市石打1873,+81257832219,36.984564,138.801804,施設,県組合,way/1051958801
中越,南魚沼市,石打・舞子,ロッヂB&W,ロッジ※,新潟県南魚沼市舞子2056-7,,36.976864,138.826538,住所(概略),県組合,
中越,南魚沼市,石打・舞子,舞子高原ホテル,ホテル※,新潟県南魚沼市舞子2056-108,,36.976864,138.826538,住所(概略),県組合,
中越,南魚沼市,石打・舞子,ラ・ファミーユ中角,—,新潟県南魚沼市石打1700-2,,36.979115,138.801666,住所,県組合,
下越,粟島浦村,粟島,民宿 渡佐,民宿※,岩船郡粟島浦村1086番地,,38.468304,139.254410,住所(概略),県組合,
上越,糸魚川市,糸魚川,ホテル・ジオパーク,ホテル†,新潟県糸魚川大町1-5-1,025-553-2089,37.044130,137.861417,施設,県組合・糸魚川市,node/4569813066
上越,糸魚川市,糸魚川,糸魚川温泉 ホテル國富アネックス,ホテル※,新潟県糸魚川市大野298-1,025-550-1000,37.020905,137.857712,住所,県組合・糸魚川市,
上越,糸魚川市,糸魚川,蓮華温泉 白馬岳蓮華ロッジ,ロッジ※,新潟県糸魚川市大字大所991,090-2524-7237,36.834145,137.789276,住所(概略),県組合・糸魚川市,
上越,糸魚川市,糸魚川,ホテル ゑびや,ホテル※,糸魚川市大町1-4-26,025-552-0067,37.044281,137.860840,住所,県組合・糸魚川市,
上越,糸魚川市,糸魚川,旅館玉屋,旅館※,糸魚川市能生2014-3,025-566-2014,37.102619,137.987961,住所,県組合・糸魚川市,
上越,糸魚川市,糸魚川,親不知観光ホテル,ホテル†,新潟県糸魚川市市振119-1,025-562-3005,36.992795,137.697350,施設,県組合・糸魚川市,way/572914941
上越,糸魚川市,糸魚川,田中屋旅館,ホテル†,糸魚川市山之坊2696,,37.122332,138.039901,施設,県組合,node/6400427378
上越,糸魚川市,糸魚川,笹倉温泉 龍雲荘,旅館・宿※,糸魚川市大平5804,025-559-2211,36.962288,138.014343,住所,県組合・糸魚川市,
上越,糸魚川市,糸魚川,姫川温泉 ホテル國富翠泉閣,ホテル※,糸魚川市大所885-1,025-557-2000,36.834145,137.789276,住所(概略),県組合・糸魚川市,
上越,糸魚川市,糸魚川,塩の道温泉 ホワイトクリフ,ホテル†,糸魚川市山口151-1,025-558-2316,36.941215,137.898739,施設(照合),県組合・糸魚川市,node/3298520374
上越,糸魚川市,糸魚川,民宿 たつみ旅館,ホテル†,糸魚川市横町５-6-1,025-552-1833,37.041459,137.849029,施設,県組合・糸魚川市,way/671423997
上越,糸魚川市,糸魚川,ホテル糸魚川インター,ホテル†,糸魚川市上刈3-16-7,025-553-1700,37.032034,137.854203,施設,県組合・糸魚川市,node/12280784329
下越,胎内市,胎内・中条,伊勢屋旅館,旅館※,胎内市東本町17-41,,38.057934,139.409332,住所,県組合・楽天トラベル,
下越,胎内市,胎内・中条,元肴屋旅館,旅館※,胎内市本町6-34,,38.050545,139.402924,住所,県組合,
下越,胎内市,胎内・中条,ときや旅館,ホテル†,胎内市西栄町6-21,,38.050837,139.399520,施設,県組合,way/760531407
下越,胎内市,胎内・中条,米澤屋旅館,旅館※,胎内市乙1024,,38.114315,139.401413,住所,県組合,
下越,胎内市,胎内・中条,桂屋旅館,旅館※,胎内市乙1143,,38.120522,139.405884,住所,県組合,
中越,湯沢町,苗場地区,苗場 ラ・ネージュ,—,南魚沼郡湯沢町三国469-51,025-789-2295,36.804073,138.759995,住所(概略),県組合・湯沢町組合,
中越,湯沢町,苗場地区,苗場プリンスホテル,ホテル※,南魚沼郡湯沢町三国202,025-789-2211,36.804073,138.759995,住所(概略),県組合・湯沢町組合,
中越,湯沢町,苗場・貝掛温泉,貝掛温泉,ホテル†,南魚沼郡湯沢町三俣字貝掛686,,36.872277,138.770073,施設,県組合,node/4032218667
中越,湯沢町,苗場地区,御宿 本陣,—,新潟県南魚沼郡湯沢町大字三国378,025-789-2012,36.804073,138.759995,住所(概略),県組合・湯沢町組合,
上越,妙高市,赤倉温泉,遠間旅館,旅館,新潟県妙高市赤倉34-2,0255-87-2028,36.895061,138.176865,住所,県組合・妙高市,
上越,妙高市,赤倉,アルトピャーノ妙高,—,新潟県妙高市大字二俣1526-353,,36.890591,138.185287,住所(概略),県組合,
上越,妙高市,赤倉温泉,ほてる千家,旅館,妙高市赤倉469-10,0255-87-3012,36.893414,138.176224,住所,県組合・妙高市,
上越,妙高市,赤倉温泉,赤倉ホテル,旅館,新潟県妙高市大字赤倉486,0255-87-2001,36.894096,138.177094,住所(概略),県組合・妙高市,
上越,妙高市,赤倉温泉,高原ホテル対山,旅館,新潟県妙高市赤倉426-2,0255-87-2065,36.893810,138.178955,住所(概略),県組合・妙高市,
上越,妙高市,赤倉温泉,赤倉パークホテル,旅館,新潟県妙高市赤倉132,0255-87-2221,36.894802,138.180817,住所(概略),県組合・妙高市,
上越,妙高市,赤倉温泉,ホテル金甚,ホテル,新潟県妙高市赤倉18,0255-87-3131,36.892586,138.178528,住所(概略),県組合・妙高市,
上越,妙高市,赤倉温泉,赤倉ワクイホテル,旅館,新潟県妙高市赤倉28,0255-87-3100,36.895304,138.175943,施設,県組合・妙高市,way/1113243985
上越,妙高市,赤倉温泉,お宿ふるや,旅館,新潟県妙高市赤倉549-6,0255-87-2102,36.892863,138.177076,施設(照合),県組合・妙高市,node/13418317101
上越,妙高市,赤倉,妙高薫風,—,新潟県妙高市赤倉426-15,,36.893810,138.178955,住所(概略),県組合,
上越,妙高市,赤倉,ホテルタケダ,ホテル†,新潟県妙高市赤倉549-11,,36.892942,138.176291,施設,県組合,node/7242346706
上越,妙高市,赤倉温泉,旅館寿楼,旅館,新潟県妙高市赤倉389-17,0255-87-3001,36.892925,138.179291,住所,県組合・妙高市,
上越,妙高市,赤倉温泉,ペンション 天使の翼,ペンション,新潟県妙高市大字赤倉サンモリッツ,0255-87-3431,36.892586,138.178528,住所(概略),県組合・妙高市,
上越,妙高市,赤倉温泉,木島屋,旅館,新潟県妙高市赤倉585-115,0255-87-2132,36.891521,138.178253,住所(概略),県組合・妙高市,
上越,妙高市,赤倉温泉,旅館よし乃荘,旅館,新潟県妙高市大字赤倉585-105,0255-87-2241,36.891521,138.178253,住所(概略),県組合・妙高市,
上越,妙高市,赤倉温泉,ホテル太閤,ホテル,新潟県妙高市大字赤倉402,0255-70-4195,36.893810,138.178955,住所(概略),県組合・妙高市,
上越,妙高市,赤倉,ジャパウハウス,—,新潟県妙高市大字赤倉402,,36.893810,138.178955,住所(概略),県組合,
上越,妙高市,赤倉温泉,板倉旅館,旅館,新潟県妙高市大字赤倉498,0255-87-2040,36.894505,138.175781,住所,県組合・妙高市,
上越,妙高市,赤倉温泉,香嶽楼,旅館,新潟県妙高市赤倉115,0255-87-2036,36.894913,138.178467,住所(概略),県組合・妙高市,
上越,妙高市,赤倉温泉,スターホテル赤倉,旅館,新潟県妙高市赤倉124,0255-87-2011,36.894913,138.178467,住所(概略),県組合・妙高市,
中越,長岡市,長岡・宮内・越路・関原,東泉閣,—,新潟県長岡市柏町2-3-11,,37.444397,138.846573,住所,県組合,
中越,長岡市,長岡・宮内・越路・関原,アトリウム長岡,ホテル†,長岡市弓町1-5-1,,37.441315,138.852281,施設,県組合,way/306103109
中越,長岡市,長岡・宮内・越路・関原,旅館 竹花屋,旅館※,長岡市宮内3丁目3-17,,37.421795,138.840561,住所,県組合,
中越,長岡市,長岡・宮内・越路・関原,ビジネス旅館あづま,旅館※,長岡市柏町2-5-17,,37.444290,138.846100,住所,県組合,
中越,長岡市,長岡・宮内・越路・関原,京屋旅館,旅館※,長岡市山田2-2-18,0258-32-2436,37.446655,138.841431,住所,県組合・楽天トラベル,
中越,長岡市,長岡・宮内・越路・関原,三幸旅館,旅館※,長岡市東坂之上町3-1-12,,37.449741,138.851974,住所,県組合,
中越,長岡市,長岡・宮内・越路・関原,長岡ターミナルホテル,ホテル†,長岡市城内町2-1-7,,37.448328,138.853693,施設,県組合,node/5570088537
中越,長岡市,長岡・宮内・越路・関原,ビジネスホテルサンパレス,ホテル※,長岡市城内町1-2-1,,37.445484,138.852707,住所,県組合・楽天トラベル,
中越,長岡市,長岡・宮内・越路・関原,ビジネスホテル宮川,ホテル※,長岡市坂之上町2-4-17,,37.449173,138.849091,住所,県組合,
中越,長岡市,長岡・宮内・越路・関原,ホテルビジネスイン長岡,ホテル†,長岡市喜多町金輪88-2,,37.448277,138.796919,施設,県組合,way/245279537
中越,長岡市,長岡・宮内・越路・関原,五十嵐旅館,旅館※,長岡市宮内3-6-1,,37.421879,138.841568,住所,県組合,
中越,長岡市,長岡・宮内・越路・関原,東栄館,旅館・宿※,長岡市大積灰下町1455,,37.400143,138.717209,住所,県組合,
中越,長岡市,長岡・宮内・越路・関原,長岡グランドホテル,ホテル※,新潟県長岡市東坂之上町1-2-1,,37.446121,138.850143,住所,県組合,
中越,長岡市,長岡・宮内・越路・関原,ホテルプレミアステイツ長岡北,ホテル※,〒〒940-0029 　新潟県長岡市東蔵王3-1-16,,37.474525,138.858734,住所,県組合,
中越,長岡市,長岡・宮内・越路・関原,西谷鉱泉 中盛館,旅館・宿※,新潟県長岡市西谷480,,37.361736,138.720886,住所(概略),県組合,
中越,長岡市,長岡・宮内・越路・関原,ホテルニューグリーン長岡,ホテル†,新潟県長岡市城内町１丁目２−９,,37.445727,138.852283,施設(照合),県組合・楽天トラベル,node/5570088535
中越,長岡市,長岡・宮内・越路・関原,ホテルリバーイン,ホテル※,長岡市宮関1-2-1,,37.467503,138.828735,住所,県組合,
中越,長岡市,長岡・宮内・越路・関原,ホテルリブマックス新潟長岡駅前,ホテル※,新潟県長岡市台町2-3-14,,37.446156,138.855286,住所,県組合,
中越,長岡市,長岡・宮内・越路・関原,つたや旅館,旅館※,長岡市渡里町7-6,0258-32-0369,37.450268,138.844635,住所,県組合・楽天トラベル,
上越,妙高市,燕温泉,山の湯宿 針村屋,旅館,新潟県妙高市関山6113-1,0255-82-3121,36.897591,138.149353,住所,県組合・妙高市,
上越,妙高市,関温泉・燕温泉,ホテル岩戸屋,ホテル※,新潟県妙高市関山6087,,36.901352,138.161942,住所(概略),県組合,
上越,妙高市,関温泉,癒やしの湯宿 朝日屋,旅館,新潟県妙高市 関山6087-27,0255-82-3139,36.901352,138.161942,住所(概略),県組合・妙高市,
上越,妙高市,関温泉,中村屋旅館,旅館,新潟県妙高市関山6087-22,0255-82-2308,36.901352,138.161942,住所(概略),県組合・妙高市,
上越,妙高市,関温泉・燕温泉,うぐいすの初音,—,新潟県妙高市大字関山6087-12,,36.901352,138.161942,住所(概略),県組合,
上越,妙高市,燕温泉,旅館樺太館,旅館,新潟県妙高市大字関山6087,0255-82-3101,36.901352,138.161942,住所(概略),県組合・妙高市,
上越,上越市,高田エリア,高田ターミナルホテル,ホテル,上越市仲町4-5-2,025-523-5428,37.115011,138.243049,施設,県組合・上越市,node/921340341
上越,上越市,高田エリア,割烹の宿 対米館,旅館,上越市大貫2丁目17-5,025-524-3818,37.103291,138.227631,住所,県組合・上越市,
上越,上越市,高田エリア,音羽舘,旅館,新潟県上越市大貫1423-3,025-523-2818,37.101814,138.233124,住所,県組合・上越市,
上越,上越市,高田,旅館割烹宮田屋,旅館※,上越市仲町2-5-16,,37.106060,138.242447,住所,県組合,
上越,上越市,高田エリア,大手屋旅館,旅館,上越市大手町3-27,025-523-3214,37.108910,138.248688,住所,県組合・上越市,
上越,上越市,高田エリア,タカダステーションホテル,ホテル,上越市仲町4-2-5,025-522-7878,37.115791,138.242706,住所,県組合・上越市,
上越,上越市,高田エリア,アートホテル上越,ホテル,上越市本町5-1-11,025-524-0100,37.115044,138.244949,住所,県組合・上越市,
上越,上越市,直江津・春日山エリア,上越サンプラザホテル,ホテル,上越市新光町1-5-5,025-522-3611,37.151712,138.238423,施設,県組合・上越市,node/5389562924
上越,上越市,高田,春日や旅館,旅館※,上越市春日山町3-22-1,,37.144176,138.231018,住所,県組合,
上越,上越市,直江津・春日山エリア,ホテルビジネスイン上越（外部リンク）,ホテル,上越市下門前1693-3,025-543-8000,37.155296,138.256879,施設,県組合・上越市,node/2619695359
上越,上越市,鵜の浜温泉,鵜の浜温泉美味海食汐彩の湯みかく,旅館,新潟県上越市大潟区九戸浜239,025-534-2434,37.240208,138.338486,住所(概略),県組合・上越市,
上越,上越市,鵜の浜温泉,潮風薫る宿 みはらし,旅館,新潟県上越市大潟区九戸浜238-3,025-534-2566,37.239315,138.337708,住所,県組合・上越市,
上越,上越市,鵜の浜温泉,ペットと泊まれる温泉宿わん宿うの浜館,旅館,新潟県上越市大潟区九戸浜239-2,025-534-2325,37.240208,138.338486,住所(概略),県組合・上越市,
上越,上越市,鵜の浜温泉,高台の宿 三景,旅館・宿※,上越市大潟区九戸浜254,,37.239059,138.339249,住所(概略),県組合,
上越,上越市,北部エリア,玉屋旅館,旅館,上越市大潟区潟町538-1,025-534-2131,37.234634,138.339264,住所,県組合・上越市,
上越,上越市,鵜の浜温泉,割烹旅館 日本海,旅館,上越市大潟区九戸浜239ｰ6,025-534-2686,37.240208,138.338486,住所(概略),県組合・上越市,
下越,阿賀町,麒麟山・角神・津川,角神温泉 和みのリゾートホテル角神,ホテル†,新潟県東蒲原郡阿賀町鹿瀬11840,0254-92-2610,37.710408,139.470521,施設(照合),県組合・阿賀町・楽天トラベル,way/736945443
下越,阿賀町,麒麟山・角神・津川,きりん山温泉 雪つばきの宿 古澤屋,旅館・宿※,新潟県東蒲原郡阿賀町鹿瀬5860,0254-92-3322,37.684067,139.467773,住所(概略),県組合・阿賀町,
下越,阿賀町,麒麟山・角神・津川,きりん山温泉 絵かきの宿福泉,旅館・宿※,東蒲原郡阿賀町鹿瀬5886,0254-92-3131,37.684067,139.467773,住所(概略),県組合・阿賀町,
下越,阿賀町,麒麟山・角神・津川,いとう屋旅館,旅館※,東蒲原郡阿賀町豊実乙1045-1,,37.759766,139.635788,住所,県組合,
下越,阿賀町,麒麟山・角神・津川,御神楽温泉 ブナの宿 小会瀬,旅館・宿※,東蒲原郡阿賀町広谷乙2091-1,0254-95-3535,37.576904,139.438477,住所(概略),県組合・阿賀町,
中越,湯沢町,湯沢温泉街地区,四季YUZAWA QUATTRO (クアトロ),—,新潟県南魚沼郡湯沢町湯沢1926-4,025-788-0444,36.932930,138.811066,住所(概略),湯沢町組合,
中越,湯沢町,湯沢温泉街地区,ＫＫＲ湯沢ゆきぐに,—,新潟県南魚沼郡湯沢町湯沢2574,025-784-3424,36.931316,138.798965,住所(概略),湯沢町組合,
中越,湯沢町,湯沢温泉街地区,TRIP7 湯沢天空温泉ホテル,ホテル※,,025-788-1125,,,未取得,湯沢町組合,
中越,湯沢町,湯沢温泉街地区,越後湯沢温泉 ホテルやなぎ,ホテル※,新潟県南魚沼郡湯沢町湯沢1-10－16,025-785-5570,36.935673,138.811111,住所,湯沢町組合・楽天トラベル,
中越,湯沢町,湯沢温泉街地区,ゲストハウス扇和,ゲストハウス/ホステル※,新潟県南魚沼郡湯沢町湯沢2-2-12,090-3709-0981,36.938011,138.809341,住所(概略),湯沢町組合,
中越,湯沢町,湯沢温泉街地区,匠の宿みやた,旅館・宿※,新潟県南魚沼郡湯沢町湯沢1-6-12,025-784-2518,36.935329,138.812210,住所,湯沢町組合,
中越,湯沢町,湯沢温泉街地区,民宿中澤,民宿※,新潟県南魚沼郡湯沢町湯沢2-2-8,025-784-3768,36.938011,138.809341,住所(概略),湯沢町組合,
中越,湯沢町,湯沢温泉街地区,民宿きのえね,民宿※,新潟県南魚沼郡湯沢町湯沢2-6-14,025-784-2173,36.937813,138.808792,住所(概略),湯沢町組合,
中越,湯沢町,湯沢温泉街地区,でんすけ旅館,旅館※,新潟県南魚沼郡湯沢町湯沢2-7-9,025-784-2532,36.937454,138.808594,住所(概略),湯沢町組合,
中越,湯沢町,湯沢温泉街地区,かわむら,—,新潟県南魚沼郡湯沢町湯沢2-7-19,025-784-2213,36.937454,138.808594,住所(概略),湯沢町組合,
中越,湯沢町,湯沢温泉街地区,ビジネスホテル ニューモンド,ホテル※,新潟県南魚沼郡湯沢町湯沢2-6-16,025-784-2511,36.937813,138.808792,住所(概略),湯沢町組合,
中越,湯沢町,湯沢温泉街地区,温泉民宿さつき,民宿※,新潟県南魚沼郡湯沢町湯沢2-2-6,025-784-3507,36.938011,138.809341,住所(概略),湯沢町組合,
中越,湯沢町,湯沢温泉街地区,ブラン・ネージュ,—,新潟県南魚沼郡湯沢町湯沢1-3-4,025-784-2360,36.936413,138.812378,住所,湯沢町組合,
中越,湯沢町,湯沢温泉街地区,ホテルアスター,ホテル※,新潟県南魚沼郡湯沢町湯沢5-4-2,025-784-2809,36.936550,138.814453,住所,湯沢町組合,
中越,湯沢町,湯沢温泉街地区,ホワイトイン茶屋,旅館・宿※,新潟県南魚沼郡湯沢町湯沢1236,025-784-3273,36.944065,138.795273,住所(概略),湯沢町組合,
中越,湯沢町,湯沢温泉街地区,Sansan Yuzawa,—,新潟県南魚沼郡湯沢町湯沢4丁目1−36,080-4020-3224,36.937229,138.812912,住所,湯沢町組合,
中越,湯沢町,湯沢温泉街地区,Yuzawa house,—,〒949-6101 新潟県南魚沼郡湯沢町湯沢3丁目7−５,025-784-4530,36.938766,138.810593,住所,湯沢町組合,
中越,湯沢町,湯沢温泉街地区,ロッヂまことや,ゲストハウス/民宿†,新潟県南魚沼郡湯沢町湯沢551-3,025-784-2769,36.940408,138.804441,施設,湯沢町組合,way/396232160
中越,湯沢町,湯沢温泉街地区,みのりや,—,新潟県南魚沼郡湯沢町大字湯沢551−1,025-784-2180,36.931316,138.798965,住所(概略),湯沢町組合,
中越,湯沢町,湯沢温泉街地区,ロッヂベルニナ,ロッジ※,新潟県南魚沼郡湯沢町湯沢548,025-784-3292,36.940441,138.801788,住所(概略),湯沢町組合,
中越,湯沢町,湯沢温泉街地区,ファミリーハウス山田,—,新潟県南魚沼郡湯沢町湯沢548,025-784-2823,36.940441,138.801788,住所(概略),湯沢町組合,
中越,湯沢町,湯沢温泉街地区,藤屋旅館,旅館※,新潟県南魚沼郡湯沢町湯沢549-1,025-784-2701,36.941433,138.805252,住所(概略),湯沢町組合,
中越,湯沢町,湯沢温泉街地区,ゆきぐに,—,新潟県南魚沼郡湯沢町湯沢595-8,025-784-2382,36.941433,138.805252,住所(概略),湯沢町組合,
中越,湯沢町,湯沢温泉街地区,島村ロッヂ,ロッジ※,新潟県南魚沼郡湯沢町湯沢596-4,025-784-2138,36.942036,138.802826,住所(概略),湯沢町組合,
中越,湯沢町,湯沢温泉街地区,ヴィラまつのや,貸別荘/コテージ※,新潟県南魚沼郡湯沢町湯沢680−31,025-784-2258,36.942036,138.802826,住所(概略),湯沢町組合,
中越,湯沢町,湯沢温泉街地区,ロッジスエヒロ,ロッジ※,新潟県南魚沼郡湯沢町湯沢1939-1,025-784-2857,36.927528,138.813339,住所,湯沢町組合,
中越,湯沢町,湯沢温泉街地区,広川ホテル,ホテル※,新潟県南魚沼郡湯沢町湯沢3203-2,025-784-2310,36.931316,138.798965,住所(概略),湯沢町組合,
中越,湯沢町,湯沢温泉街地区,民宿 おぐらや,民宿※,新潟県南魚沼郡湯沢町湯沢336-3,025-784-2448,36.938557,138.805023,住所(概略),湯沢町組合,
中越,湯沢町,湯沢温泉街地区,KAIDOU YUZAWA ONSEN HOSTEL,ゲストハウス/ホステル※,湯沢町湯沢317-2,025-788-1253,36.937180,138.807068,住所,湯沢町組合,
中越,湯沢町,湯沢温泉街地区,HOTEL K,ホテル※,新潟県南魚沼郡湯沢町湯沢６０６−１,025-785-2688,36.940441,138.801788,住所(概略),湯沢町組合,
中越,湯沢町,湯沢温泉街地区,M.Y.HOUSE,—,新潟県南魚沼郡湯沢町湯沢287-8,090-6541-1688,36.939896,138.807999,住所(概略),湯沢町組合,
中越,湯沢町,湯沢温泉街地区,ゆんぐアネックス,—,新潟県南魚沼郡湯沢町湯沢1022-1,025-788-0080,36.951714,138.800659,住所,湯沢町組合,
中越,湯沢町,かぐら・みつまた地区,和田小屋（かぐらスキー場内）,山小屋†,新潟県南魚沼郡湯沢町三俣,025-788-9221,36.870366,138.728594,施設,湯沢町組合,way/388178309
中越,湯沢町,かぐら・みつまた地区,たかさや,—,新潟県南魚沼郡湯沢町大字三俣大島1459,025-788-9253,36.890316,138.761673,住所(概略),湯沢町組合,
中越,湯沢町,かぐら・みつまた地区,ロッヂいたしん,ロッジ※,新潟県南魚沼郡湯沢町大字三俣大島1469,025-788-9141,36.890316,138.761673,住所(概略),湯沢町組合,
中越,湯沢町,かぐら・みつまた地区,かぐら山荘,山小屋/山荘※,新潟県南魚沼郡湯沢町三俣1395-144,025-788-9529,36.890316,138.761673,住所(概略),湯沢町組合,
中越,湯沢町,かぐら・みつまた地区,高橋屋旅館,旅館※,新潟県南魚沼郡湯沢町大字三俣30,025-788-9107,36.890316,138.761673,住所(概略),湯沢町組合,
中越,湯沢町,かぐら・みつまた地区,峠旅館,旅館※,新潟県南魚沼郡湯沢町大字三俣35,025-788-9042,36.890316,138.761673,住所(概略),湯沢町組合,
中越,湯沢町,かぐら・みつまた地区,ホットハウスゆのうち,—,新潟県南魚沼郡湯沢町大字三俣844,025-788-9180,36.890316,138.761673,住所(概略),湯沢町組合,
中越,湯沢町,かぐら・みつまた地区,ロッヂチャーリーブラウン,ロッジ※,新潟県南魚沼郡湯沢町大字三俣64,025-788-9970,36.890316,138.761673,住所(概略),湯沢町組合,
中越,湯沢町,かぐら・みつまた地区,AKANE HOSTEL,ゲストハウス/ホステル※,新潟県南魚沼郡湯沢町三俣80番地,080-6287-2136,36.890316,138.761673,住所(概略),湯沢町組合,
中越,湯沢町,かぐら・みつまた地区,元橋旅館,旅館※,新潟県南魚沼郡湯沢町大字三俣802,025-788-9112,36.890316,138.761673,住所(概略),湯沢町組合,
中越,湯沢町,かぐら・みつまた地区,ロッヂやしろ,ロッジ※,新潟県南魚沼郡湯沢町大字三俣814,025-788-9127,36.890316,138.761673,住所(概略),湯沢町組合,
中越,湯沢町,かぐら・みつまた地区,ロッヂエビスヤ,ロッジ※,新潟県南魚沼郡湯沢町大字三俣226,025-788-9106,36.890316,138.761673,住所(概略),湯沢町組合,
中越,湯沢町,かぐら・みつまた地区,ロッヂふくだや,ロッジ※,新潟県南魚沼郡湯沢町大字三俣243-1,025-788-9208,36.890316,138.761673,住所(概略),湯沢町組合,
中越,湯沢町,かぐら・みつまた地区,ロッヂまるや,ロッジ※,新潟県南魚沼郡湯沢町大字三俣455,025-788-9506,36.890316,138.761673,住所(概略),湯沢町組合,
中越,湯沢町,かぐら・みつまた地区,ペンションＺＩＯＮ,ペンション※,新潟県南魚沼郡湯沢町大字三俣,025-788-9510,36.890316,138.761673,住所(概略),湯沢町組合,
中越,湯沢町,かぐら・みつまた地区,奥湯沢貝掛温泉,—,新潟県南魚沼郡湯沢町大字三俣字貝掛686,025-788-9911,36.890316,138.761673,住所(概略),湯沢町組合,
中越,湯沢町,かぐら・みつまた地区,かぐらホワイトホースイン,—,新潟県南魚沼郡湯沢町大字三俣723-2,080-2228-7788,36.890316,138.761673,住所(概略),湯沢町組合,
中越,湯沢町,かぐら・みつまた地区,みつまたロッヂ,ロッジ※,新潟県南魚沼郡湯沢町大字三俣730,025-788-9116,36.890316,138.761673,住所(概略),湯沢町組合,
中越,湯沢町,かぐら・みつまた地区,ロッヂ三清,ロッジ※,新潟県南魚沼郡湯沢町大字三俣743,025-788-9502,36.890316,138.761673,住所(概略),湯沢町組合,
中越,湯沢町,かぐら・みつまた地区,かぐらスキーイン,—,湯沢町大字三俣883-2,025-716-0723,36.890316,138.761673,住所(概略),湯沢町組合,
中越,湯沢町,かぐら・みつまた地区,ロッヂエルブロンネ,ロッジ※,新潟県南魚沼郡湯沢町大字三俣941-1,025-788-9037,36.890316,138.761673,住所(概略),湯沢町組合,
中越,湯沢町,かぐら・みつまた地区,K・Lodge,ロッジ※,新潟県南魚沼郡湯沢町大字三俣957-1,025-788-9733,36.890316,138.761673,住所(概略),湯沢町組合,
中越,湯沢町,かぐら・みつまた地区,清津レイクサイドロッヂ,ロッジ※,新潟県南魚沼郡湯沢町大字三俣962-1,025-788-9026,36.890316,138.761673,住所(概略),湯沢町組合,
中越,湯沢町,かぐら・みつまた地区,清つ館,旅館・宿※,新潟県南魚沼郡湯沢町大字三俣959,025-788-9128,36.890316,138.761673,住所(概略),湯沢町組合,
中越,湯沢町,かぐら・みつまた地区,神楽ハウス,—,新潟県南魚沼郡湯沢町大字三俣783-7,025-788-9008,36.890316,138.761673,住所(概略),湯沢町組合,
中越,湯沢町,かぐら・みつまた地区,かぐらみつまたコテージ,貸別荘/コテージ※,新潟県南魚沼郡湯沢町大字三俣919-1,080-9672-7788,36.890316,138.761673,住所(概略),湯沢町組合,
中越,湯沢町,苗場地区,苗場 金六,—,新潟県南魚沼郡湯沢町三国66,025-789-2042,36.804073,138.759995,住所(概略),湯沢町組合,
中越,湯沢町,苗場地区,苗場 三国荘,旅館・宿※,新潟県南魚沼郡湯沢町三国44-1,025-789-2638,36.804073,138.759995,住所(概略),湯沢町組合,
中越,湯沢町,苗場地区,ふぁみりぃはうす あかしや,—,新潟県南魚沼郡湯沢町三国438-79,025-789-2241,36.804073,138.759995,住所(概略),湯沢町組合,
中越,湯沢町,苗場地区,豊島ロッヂ,ロッジ※,新潟県南魚沼郡湯沢町大字三国39,025-788-1905,36.804073,138.759995,住所(概略),湯沢町組合,
中越,湯沢町,苗場地区,サンシャイン苗場,—,新潟県南魚沼郡湯沢町三国438-56,025-789-2160,36.804073,138.759995,住所(概略),湯沢町組合,
中越,湯沢町,苗場地区,コンドミニアムホテル 本陣別館WEST,貸別荘/コテージ※,新潟県南魚沼郡湯沢町三国378,025-789-2012,36.804073,138.759995,住所(概略),湯沢町組合,
中越,湯沢町,苗場地区,柏屋旅館,旅館※,新潟県南魚沼郡湯沢町三国377,025-789-2501,36.804073,138.759995,住所(概略),湯沢町組合,
中越,湯沢町,苗場地区,苗場温泉 峠の湯 アネックスかしわや,—,新潟県南魚沼郡湯沢町大字三国97番地,025-789-2031,36.804073,138.759995,住所(概略),湯沢町組合,
中越,湯沢町,苗場地区,ファミールしらかば,—,新潟県南魚沼郡湯沢町大字三国371,025-789-2108,36.804073,138.759995,住所(概略),湯沢町組合,
中越,湯沢町,苗場地区,ロッヂ カシワギ,ロッジ※,新潟県南魚沼郡湯沢町三国455-8,025-789-2567,36.804073,138.759995,住所(概略),湯沢町組合,
中越,湯沢町,苗場地区,こしじや旅館,旅館※,新潟県南魚沼郡湯沢町三国370,025-789-2106,36.804073,138.759995,住所(概略),湯沢町組合,
中越,湯沢町,苗場地区,シャレー カスケード,—,新潟県南魚沼郡湯沢町三国469-47,025-789-2324,36.804073,138.759995,住所(概略),湯沢町組合,
中越,湯沢町,苗場地区,東屋ロッヂ,ロッジ※,新潟県南魚沼郡湯沢町三国186-3,025-789-2040,36.804073,138.759995,住所(概略),湯沢町組合,
中越,湯沢町,苗場地区,三国屋旅館,旅館※,新潟県南魚沼郡湯沢町三国284,025-789-2034,36.804073,138.759995,住所(概略),湯沢町組合,
中越,湯沢町,苗場地区,ロッヂおおみや,ロッジ※,新潟県南魚沼郡湯沢町三国128-2,025-789-2520,36.804073,138.759995,住所(概略),湯沢町組合,
中越,湯沢町,苗場地区,ホテルふじや,ホテル※,新潟県南魚沼郡湯沢町大字三国125番地,025-789-2037,36.804073,138.759995,住所(概略),湯沢町組合,
中越,湯沢町,苗場地区,ロッヂひとみ,ロッジ※,新潟県南魚沼郡湯沢町大字三国２３８－１２,025-789-2637,36.804073,138.759995,住所(概略),湯沢町組合,
中越,湯沢町,苗場地区,シュプール イン 苗場,—,新潟県南魚沼郡湯沢町大字三国153-9,025-789-2120,36.804073,138.759995,住所(概略),湯沢町組合,
中越,湯沢町,苗場地区,苗場ビレッヂ,—,新潟県南魚沼郡湯沢町三国169-1,025-789-3212,36.804073,138.759995,住所(概略),湯沢町組合,
中越,湯沢町,苗場地区,ラフォーレ苗場,—,新潟県南魚沼郡湯沢町三国２３１,025-789-2131,36.804073,138.759995,住所(概略),湯沢町組合,
中越,湯沢町,苗場地区,クリスタルイン苗場,—,新潟県南魚沼郡湯沢町三国１７４−１,025-789-4150,36.804073,138.759995,住所(概略),湯沢町組合,
中越,湯沢町,苗場地区,わらび荘,旅館・宿※,新潟県南魚沼郡湯沢町三国213-3,025-789-2036,36.804073,138.759995,住所(概略),湯沢町組合,
中越,湯沢町,苗場地区,プレジデントホテルTWO,ホテル※,新潟県南魚沼郡湯沢町三国253-1,025-789-4671,36.804073,138.759995,住所(概略),湯沢町組合,
中越,湯沢町,苗場地区,苗場ムサシ,—,新潟県南魚沼郡湯沢町三国222,025-789-2123,36.804073,138.759995,住所(概略),湯沢町組合,
中越,湯沢町,苗場地区,プチホテル雪ッ子荘,ホテル※,新潟県南魚沼郡湯沢町三国189,025-789-2624,36.804073,138.759995,住所(概略),湯沢町組合,
中越,湯沢町,苗場地区,シャレーみやじま,—,新潟県南魚沼郡湯沢町三国190,025-789-2105,36.804073,138.759995,住所(概略),湯沢町組合,
中越,湯沢町,苗場地区,ビューリゾートインとみや,—,新潟県南魚沼郡湯沢町三国202-4,025-789-2033,36.804073,138.759995,住所(概略),湯沢町組合,
中越,湯沢町,苗場地区,ホテルとみや,ホテル※,新潟県南魚沼郡湯沢町三国２０２－４,025-789-2271,36.804073,138.759995,住所(概略),湯沢町組合,
中越,湯沢町,苗場地区,グリンデルワルト,—,新潟県南魚沼郡湯沢町三国 172,025-789-2703,36.804073,138.759995,住所(概略),湯沢町組合,
中越,湯沢町,苗場地区,苗場 山の湯,—,新潟県南⿂沼郡湯沢町三国171,025-789-2345,37.065556,138.876114,住所,湯沢町組合,
中越,湯沢町,苗場地区,プチホテルクラウドナイン,ホテル※,新潟県南魚沼郡湯沢町三国１７１,025-789-2516,36.804073,138.759995,住所(概略),湯沢町組合,
中越,湯沢町,苗場地区,苗場スプリングスホテル,ホテル※,新潟県南魚沼郡湯沢町三国184,025-789-2804,36.804073,138.759995,住所(概略),湯沢町組合,
中越,湯沢町,苗場地区,ロッヂエドモントン,ロッジ※,新潟県南魚沼郡湯沢町三国245-8,025-789-2252,36.804073,138.759995,住所(概略),湯沢町組合,
中越,湯沢町,苗場地区,たけのこやま山荘,山小屋/山荘※,新潟県南魚沼郡湯沢町三国169‐3,025-789-2555,36.804073,138.759995,住所(概略),湯沢町組合,
中越,湯沢町,苗場地区,ホテルエフ,ホテル※,新潟県南魚沼郡湯沢町三国469-49,025-789-3390,36.804073,138.759995,住所(概略),湯沢町組合,
中越,湯沢町,苗場地区,Hotel the Kinta Naeba,ホテル※,新潟県南魚沼郡湯沢町三国469-91,025-789-3911,36.804073,138.759995,住所(概略),湯沢町組合,
中越,湯沢町,苗場地区,王子ペンション,ペンション※,新潟県南魚沼郡湯沢町三国184,090-9640-4556,36.804073,138.759995,住所(概略),湯沢町組合,
中越,湯沢町,苗場地区,ホテル丁,ホテル※,新潟県南魚沼郡湯沢町三国469-45,025-789-2812,36.804073,138.759995,住所(概略),湯沢町組合,
中越,湯沢町,苗場地区,おん宿以っ久,—,新潟県南魚沼郡湯沢町三国463-12,025-789-4721,36.804073,138.759995,住所(概略),湯沢町組合,
中越,湯沢町,苗場地区,Naebaサザン,—,新潟県南魚沼郡湯沢町三国469-110,025-789-4801,36.804073,138.759995,住所(概略),湯沢町組合,
中越,湯沢町,苗場地区,ホテルティアン,ホテル※,新潟県南魚沼郡湯沢町三国469-111,025-789-5783,36.804073,138.759995,住所(概略),湯沢町組合,
中越,湯沢町,苗場地区,サンタハウス,—,新潟県南魚沼郡湯沢町三国３２４,025-789-4841,36.804073,138.759995,住所(概略),湯沢町組合,
中越,湯沢町,苗場地区,ロッヂ丘,ロッジ※,新潟県南魚沼郡湯沢町三国469-7,025-789-2421,36.804073,138.759995,住所(概略),湯沢町組合,
中越,湯沢町,苗場地区,ムルメルン,—,湯沢町大字三国469-57,025-789-5060,36.804073,138.759995,住所(概略),湯沢町組合,
中越,湯沢町,苗場地区,ユートピア苗場,—,新潟県南魚沼郡湯沢町三国184-5,080-5000-9211,36.804073,138.759995,住所(概略),湯沢町組合,
中越,湯沢町,苗場地区,雪ささの湯,—,新潟県南魚沼郡湯沢町三国355,025-780-9500,36.804073,138.759995,住所(概略),湯沢町組合,
中越,湯沢町,苗場地区,サンヴィレッジ苗場,—,新潟県南魚沼郡湯沢町大字三国270,025-789-2261,36.804073,138.759995,住所(概略),湯沢町組合,
中越,湯沢町,苗場地区,ホテルエフ 別館,ホテル※,新潟県南魚沼郡湯沢町三国469-49（ホテルエフ隣）,025-789-3390,36.804073,138.759995,住所(概略),湯沢町組合,
中越,湯沢町,苗場地区,グランブルー,—,新潟県南魚沼郡湯沢町三国112,025-789-5730,36.804073,138.759995,住所(概略),湯沢町組合,
中越,湯沢町,苗場地区,サニーみつば,—,新潟県南魚沼郡湯沢町三国207-1,025-789-2719,36.804073,138.759995,住所(概略),湯沢町組合,
中越,湯沢町,苗場地区,アルペン,—,新潟県南魚沼郡湯沢町三国254-2,025-789-2416,36.804073,138.759995,住所(概略),湯沢町組合,
中越,湯沢町,苗場地区,ハイジ ゲストハウス,ゲストハウス/ホステル※,新潟県南魚沼郡湯沢町三国177-2,025-789-2370,36.804073,138.759995,住所(概略),湯沢町組合,
中越,湯沢町,田代・二居地区,なかじま屋,旅館・宿※,新潟県南魚沼郡湯沢町三国903,025-789-2019,36.804073,138.759995,住所(概略),湯沢町組合,
中越,湯沢町,田代・二居地区,温泉民宿 ゆたかや,民宿※,新潟県南魚沼郡湯沢町三国565,025-789-2542,36.804073,138.759995,住所(概略),湯沢町組合,
中越,湯沢町,田代・二居地区,ロッヂ モントゼー,ロッジ※,新潟県南魚沼郡湯沢町大字三国636,025-789-2545,36.804073,138.759995,住所(概略),湯沢町組合,
中越,湯沢町,田代・二居地区,元橋ヒュッテ,山小屋/山荘※,新潟県南魚沼郡湯沢町三国,025-789-2235,36.804073,138.759995,住所(概略),湯沢町組合,
中越,湯沢町,田代・二居地区,富沢ロッヂ,ロッジ※,新潟県南魚沼郡湯沢町大字三国1097-1,025-789-2273,36.804073,138.759995,住所(概略),湯沢町組合,
中越,湯沢町,田代・二居地区,キャシーズイン,—,新潟県南魚沼郡湯沢町三国1142,025-780-9230,36.804073,138.759995,住所(概略),湯沢町組合,
中越,湯沢町,田代・二居地区,ロッヂ サンモリッツ,ロッジ※,新潟県南魚沼郡湯沢町三国378,025-789-2548,36.804073,138.759995,住所(概略),湯沢町組合,
中越,湯沢町,田代・二居地区,ヒュッテ平標茶屋,山小屋/山荘※,新潟県南魚沼郡湯沢町三国999-10,025-789-3390,36.804073,138.759995,住所(概略),湯沢町組合,
中越,湯沢町,田代・二居地区,play＆crazyペンション,ペンション※,新潟県南魚沼郡湯沢町三国854-1,025-775-7589,36.804073,138.759995,住所(概略),湯沢町組合,
中越,湯沢町,田代・二居地区,Little Japan Echigo,—,新潟県南魚沼郡湯沢町三国660,070-9128-1709,36.804073,138.759995,住所(概略),湯沢町組合,
中越,湯沢町,神立地区,ファミーユ神立,ホテル†,新潟県南魚沼郡湯沢町神立2630番地,025-７84-3533,36.921211,138.820104,施設,湯沢町組合,way/1204088046
中越,湯沢町,岩原地区,大下旅館,旅館※,新潟県南魚沼郡湯沢町土樽169-2,025-787-3251,36.929508,138.839294,住所,湯沢町組合,
中越,湯沢町,岩原地区,車屋旅館,旅館※,新潟県南魚沼郡湯沢町土樽164-3,025-787-3834,36.929634,138.840607,住所,湯沢町組合・楽天トラベル,
中越,湯沢町,岩原地区,ロッヂマウンテン,ロッジ※,新潟県南魚沼郡湯沢町土樽173-4,025-787-3545,36.930801,138.840286,住所(概略),湯沢町組合,
中越,湯沢町,岩原地区,林屋旅館,ホテル†,新潟県南魚沼郡湯沢町土樽770,025-787-3714,36.925990,138.841433,施設,湯沢町組合・楽天トラベル,way/1204088083
中越,湯沢町,岩原地区,加賀屋,ホテル†,新潟県南魚沼郡湯沢町土樽353-2,025-787-3361,36.926640,138.842446,施設,湯沢町組合,way/1204088074
中越,湯沢町,岩原地区,セーナインふじや,ホテル†,新潟県南魚沼郡湯沢町土樽329,025-787-1001,36.928085,138.843477,施設,湯沢町組合,way/1204088067
中越,湯沢町,岩原地区,あらやしき館,旅館・宿※,新潟県南魚沼郡湯沢町土樽304-1,025-787-3543,36.887478,138.866882,住所(概略),湯沢町組合,
中越,湯沢町,岩原地区,shiro(宿)shiro,—,新潟県南魚沼郡湯沢町土樽728-1,025-788-1701,36.887478,138.866882,住所(概略),湯沢町組合,
中越,湯沢町,岩原地区,HOTELシャーレゆざわ銀水,ホテル※,新潟県南魚沼郡湯沢町土樽6301−7,025-787-4141,36.934780,138.844467,住所,湯沢町組合,
中越,湯沢町,岩原地区,ホテル花梨,ホテル※,新潟県南魚沼郡湯沢町土樽6306−13,025-787-6666,36.940796,138.836182,住所(概略),湯沢町組合,
中越,湯沢町,岩原地区,ロッヂ山びこ,ロッジ※,新潟県南魚沼郡湯沢町土樽6304,025-787-3480,36.940796,138.836182,住所(概略),湯沢町組合,
中越,湯沢町,岩原地区,SAKAEYA,—,新潟県南魚沼郡湯沢町土樽巾下731,025-787-3237,36.887478,138.866882,住所(概略),湯沢町組合,
中越,湯沢町,岩原地区,ゲストハウスClimb dining,ゲストハウス/ホステル※,新潟県南魚沼郡湯沢町土樽731-1,025-787-3040,36.941231,138.843369,住所(概略),湯沢町組合,
中越,湯沢町,岩原地区,ホテルアルパイン,ホテル†,新潟県南魚沼郡湯沢町土樽731−1 岩原スキー場,025-787-3055,36.937862,138.843438,施設(照合),湯沢町組合,node/4243830242
中越,湯沢町,岩原地区,今村旅館,旅館※,新潟県南魚沼郡湯沢町土樽731-1,025-788-1682,36.941231,138.843369,住所(概略),湯沢町組合,
中越,湯沢町,岩原地区,White Snow 岩原,—,新潟県南魚沼郡湯沢町土樽731-1,025-787-3356,36.941231,138.843369,住所(概略),湯沢町組合,
中越,湯沢町,岩原地区,いわっぱらのゆ ロッヂ飯塚,ロッジ※,新潟県南魚沼郡湯沢町土樽731-8,025-787-3357,36.941231,138.843369,住所(概略),湯沢町組合,
中越,湯沢町,岩原地区,ロッヂきくのや,ロッジ※,新潟県南魚沼郡湯沢町土樽731-8,025-787-3049,36.941231,138.843369,住所(概略),湯沢町組合,
中越,湯沢町,岩原地区,COMEDOR AO.（旧 岩原ピットイン）,—,新潟県南魚沼郡湯沢町土樽731-1,025-787-3413,36.941231,138.843369,住所(概略),湯沢町組合,
中越,湯沢町,岩原地区,ホテルシェラリゾート湯沢,ホテル※,新潟県南魚沼郡湯沢町土樽731番地1,025-787-3250,36.941231,138.843369,住所(概略),湯沢町組合,
中越,湯沢町,岩原地区,ホテルアルファスター岩原,ホテル※,新潟県南魚沼郡湯沢町土樽731‐168,025-787-3926,36.941231,138.843369,住所(概略),湯沢町組合・楽天トラベル,
中越,湯沢町,岩原地区,ロッヂ添路,ロッジ※,新潟県南魚沼郡湯沢町土樽731-54,025-787-4404,36.941231,138.843369,住所(概略),湯沢町組合,
中越,湯沢町,岩原地区,ヒルサイド・イン・ガーデンクレス,—,新潟県南魚沼郡湯沢町土樽731-49,025-787-4411,36.941231,138.843369,住所(概略),湯沢町組合,
中越,湯沢町,飯士高原・原地区,FUKUYA,—,新潟県南魚沼郡湯沢町大字土樽918,025-787-3401,36.887478,138.866882,住所(概略),湯沢町組合,
中越,湯沢町,飯士高原・原地区,ペンション タケコシ,ペンション※,新潟県南魚沼郡湯沢町大字土樽1006-1,025-787-3561,36.887478,138.866882,住所(概略),湯沢町組合,
中越,湯沢町,飯士高原・原地区,プチハウスinn MISEYA,—,新潟県南魚沼郡湯沢町大字土樽541,025-787-3228,36.887478,138.866882,住所(概略),湯沢町組合,
中越,湯沢町,飯士高原・原地区,ファンタジェンイズミヤ,—,新潟県南魚沼郡湯沢町大字土樽1206,025-787-3705,36.926342,138.848053,住所,湯沢町組合,
中越,湯沢町,飯士高原・原地区,ロッヂ マリ,ロッジ※,新潟県南魚沼郡湯沢町大字土樽627,025-787-3844,36.887478,138.866882,住所(概略),湯沢町組合,
中越,湯沢町,飯士高原・原地区,ペンション ラフランス,ペンション※,新潟県南魚沼郡湯沢町大字土樽1273,025-787-3666,36.887478,138.866882,住所(概略),湯沢町組合,
中越,湯沢町,飯士高原・原地区,ペンションダックテール,ペンション※,新潟県南魚沼郡湯沢町大字土樽1041-2,025-787-0302,36.923603,138.847855,住所(概略),湯沢町組合,
中越,湯沢町,湯沢パーク地区,湯沢パークホテル,ホテル※,新潟県南魚沼郡湯沢町土樽1613,025-787-4111,36.887478,138.866882,住所(概略),湯沢町組合,
中越,湯沢町,湯沢パーク地区,丸大ハウス,—,新潟県南魚沼郡湯沢町大字土樽1310,025-787-3612,36.887478,138.866882,住所(概略),湯沢町組合,
中越,湯沢町,湯沢パーク地区,えびすや旅館,旅館※,新潟県南魚沼郡湯沢町大字土樽1305-2,025-787-3730,36.887478,138.866882,住所(概略),湯沢町組合,
中越,湯沢町,湯沢パーク地区,ペンションNOAH,ペンション※,新潟県南魚沼郡湯沢町土樽6728-20,025-787-3478,36.887478,138.866882,住所(概略),湯沢町組合,
中越,湯沢町,湯沢パーク地区,ペンションさんらいず,ペンション※,新潟県南魚沼郡湯沢町土樽317ｰ3,025-787-4133,36.887478,138.866882,住所(概略),湯沢町組合,
中越,湯沢町,土樽地区,白いコテージ,貸別荘/コテージ※,新潟県南魚沼郡湯沢町土樽4111,025-787-4441,36.885513,138.853271,住所,湯沢町組合,
中越,湯沢町,土樽地区,白いマイン,—,新潟県南魚沼郡湯沢町土樽4117-1,025-787-2535,36.886616,138.850723,住所,湯沢町組合,
中越,湯沢町,中里地区,田村旅館,旅館※,新潟県南魚沼郡湯沢町土樽5877-1,025-787-3031,36.915665,138.844910,住所(概略),湯沢町組合,
中越,湯沢町,中里地区,丸善旅館,旅館※,新潟県南魚沼郡湯沢町土樽5721,025-787-3043,36.915955,138.846588,住所,湯沢町組合,
中越,湯沢町,中里地区,忠ェ門旅館,旅館※,新潟県南魚沼郡湯沢町土樽5826,025-787-3108,36.914871,138.845184,住所,湯沢町組合,
中越,湯沢町,中里地区,私の家中屋・私の家中屋別館,旅館・宿※,新潟県南魚沼郡湯沢町土樽5804,025-787-3037,36.914330,138.845398,住所,湯沢町組合,
中越,湯沢町,中里地区,なかすみ旅館,旅館※,新潟県南魚沼郡湯沢町土樽5810,025-787-3218,36.913857,138.845306,住所,湯沢町組合,
中越,湯沢町,中里地区,【越後湯沢のロフト付き客室】ヴィラ・パーサー,貸別荘/コテージ※,新潟県南魚沼郡湯沢町土樽4984-1,090-3641-7736,36.913334,138.845428,住所,湯沢町組合,
中越,湯沢町,中里地区,ロッヂ仲山,ロッジ※,新潟県南魚沼郡湯沢町土樽4983-1,025-787-3122,36.912369,138.845657,住所,湯沢町組合,
中越,湯沢町,中里地区,丸喜屋旅館,旅館※,新潟県南魚沼郡湯沢町土樽4982,025-787-3165,36.913689,138.844376,住所,湯沢町組合,
中越,湯沢町,中里地区,ホテル LA・リビエール,ホテル※,新潟県南魚沼郡湯沢町土樽4961,025-787-4780,36.911137,138.846893,住所,湯沢町組合,
中越,湯沢町,中里地区,セゾン・イン たかとし,—,新潟県南魚沼郡湯沢町土樽5081,025-787-3152,36.897476,138.858398,住所(概略),湯沢町組合,
中越,湯沢町,中里地区,湯沢 玉城屋,旅館・宿※,新潟県南魚沼郡湯沢町土樽5081-5,025-787-3019,36.897476,138.858398,住所(概略),湯沢町組合,
中越,湯沢町,中里地区,ファミリーハウスしらゆき,—,新潟県南魚沼郡湯沢町土樽5081,025-787-3189,36.897476,138.858398,住所(概略),湯沢町組合,
中越,湯沢町,中里地区,ホワイトインスズヤ,ゲストハウス/民宿†,新潟県南魚沼郡湯沢町大字土樽5103-6,025-787-3107,36.909800,138.847025,施設(照合),湯沢町組合,node/6367366517
中越,湯沢町,中里地区,ビューサンライズ,—,新潟県南魚沼郡湯沢町土樽5102-2,025-787-5210,36.908714,138.847458,住所(概略),湯沢町組合,
中越,湯沢町,中里地区,板や旅館,旅館※,新潟県南魚沼郡湯沢町大字土樽5092-1,025-787-3045,36.908714,138.847458,住所(概略),湯沢町組合,
中越,湯沢町,中里地区,民宿けいせつ,民宿※,新潟県南魚沼郡湯沢町土樽4798-2,025-787-3284,36.908123,138.846436,住所,湯沢町組合,
中越,湯沢町,中里地区,ヤングインロッヂタシロ,ロッジ※,新潟県南魚沼郡湯沢町土樽4785-1,025-787-3602,36.903587,138.847794,住所(概略),湯沢町組合,
中越,湯沢町,中里地区,ペンション パセリの森,ペンション※,​新潟県南魚沼郡湯沢町土樽6191-19,025-787-3235,36.903370,138.846207,住所,湯沢町組合,
中越,湯沢町,中里地区,旅館・レンタル ふるさと,旅館※,新潟県南魚沼郡湯沢町湯沢中里スキー場内 5139-1,025-787-3234,36.944065,138.795273,住所(概略),湯沢町組合,
中越,湯沢町,大源太地区,星のもとオートキャンプ場,キャンプ場/RVパーク※,〒949-6103 新潟県南魚沼郡湯沢町大字土樽字向原6384番地1,025-792-1393,36.933987,138.817474,住所(概略),湯沢町組合,
中越,湯沢町,大源太地区,グランピング＆ロッジゆZ9リゾート,ロッジ※,〒949-6103 新潟県南魚沼郡湯沢町土樽 6643-1,080-6636-7676,36.887478,138.866882,住所(概略),湯沢町組合,
中越,湯沢町,大源太地区,越後佐源太,—,〒949-6103 新潟県南魚沼郡湯沢町土樽６６１３−１,090-8814-9644,36.887478,138.866882,住所(概略),湯沢町組合,
中越,湯沢町,大源太地区,大源太キャニオンキャンプ場,キャンプ場/RVパーク※,〒949-6103 新潟県南魚沼郡湯沢町土樽３０６４−１７,025-787-3536,36.887478,138.866882,住所(概略),湯沢町組合,
中越,湯沢町,大源太地区,ステイログハウス,—,〒949-6103 新潟県南魚沼郡湯沢町土樽６３８２−３,090-6956-1231,36.887478,138.866882,住所(概略),湯沢町組合,
上越,妙高市,斑尾,斑尾レインストンホテル,ホテル,新潟県妙高市大字樽本字八坊主丙1101-40,0269-64-3511,36.855992,138.289398,施設,妙高市,way/994090701
上越,妙高市,斑尾,斑尾高原どんぐり村,ロッジ,新潟県妙高市大字樽本丙1101-191,0269-64-3751,36.878632,138.273560,住所,妙高市,
上越,妙高市,新井,ロッテアライリゾート,ホテル,新潟県妙高市両善寺1966,0255-75-1100,36.989899,138.182144,住所,妙高市,
上越,妙高市,新井,神の宮温泉かわら亭,旅館,新潟県妙高市神宮寺31-3,0255-72-7307,37.053524,138.239120,住所,妙高市,
上越,妙高市,新赤倉,HOTEL MOC,ホテル,新潟県妙高市田切218-2,0255-87-2500,36.886956,138.178764,施設,妙高市,node/6327548718
上越,妙高市,新赤倉,カナディアンハウス,ペンション,新潟県妙高市田口1394,0255-87-2186,36.882900,138.184906,住所(概略),妙高市,
上越,妙高市,新赤倉,グリーンベル 1号棟・2号棟・3号棟・4号棟,ロッジ,新潟県妙高市田口1451-7,070-8399-7980,36.879608,138.198166,住所(概略),妙高市,
上越,妙高市,新赤倉,赤倉観光ホテル,ホテル,新潟県妙高市田切216,0255-87-2501,36.886272,138.164072,施設,妙高市,node/3971263713
上越,妙高市,杉野沢,Drifter Myoko,ロッジ,新潟県妙高市杉野沢3079-2,080-4605-7263,36.850792,138.152679,住所(概略),妙高市,
上越,妙高市,杉野沢,Lodgeぷるーく,ロッジ,新潟県妙高市杉野沢3178-295,0255-77-4783,36.851501,138.124664,住所,妙高市,
上越,妙高市,杉野沢,Red Fox Lodge,ロッジ,,0255-86-3911,36.884889,138.179581,施設(検索),妙高市,
上越,妙高市,杉野沢,やまいち荘,民宿,新潟県妙高市杉野沢3026,0255-86-6152,36.850792,138.152679,住所(概略),妙高市,
上越,妙高市,杉野沢,アルファイン秀雲荘,ロッジ,新潟県妙高市杉野沢2005,0255-86-6120,36.850368,138.162140,住所(概略),妙高市,
上越,妙高市,杉野沢,サンヴィレッジまちだ,民宿,新潟県妙高市大字杉野沢2003,0255-86-6117,36.849876,138.162722,施設,妙高市,way/802749978
上越,妙高市,杉野沢,ハイランドロッジタケゲン,ロッジ,新潟県妙高市杉野沢1978,0255-86-6241,36.849770,138.161667,住所(概略),妙高市,
上越,妙高市,杉野沢,ペンションフォークロア,ペンション,新潟県妙高市杉野沢365-1,0255-86-6538,36.853981,138.160446,住所,妙高市,
上越,妙高市,杉野沢,ロッジ杉の原,ロッジ,新潟県妙高市杉野沢2684,0255-86-6018,36.847427,138.157028,住所(概略),妙高市,
上越,妙高市,杉野沢,ロッジ雪達磨,ロッジ,新潟県妙高市大字杉野沢1784,0255-86-6165,36.852764,138.164673,住所,妙高市,
上越,妙高市,杉野沢,夢冒険,ペンション,新潟県妙高市杉野沢223-7,0255-86-6048,36.858971,138.144028,住所(概略),妙高市,
上越,妙高市,杉野沢,富士美荘,民宿,新潟県妙高市杉野沢2462,0255-86-6113,36.849003,138.160629,住所,妙高市,
上越,妙高市,杉野沢,山海華旅館 はるみ荘,民宿,新潟県妙高市杉野沢2421,0255-86-6242,36.847706,138.161743,住所,妙高市,
上越,妙高市,杉野沢,日乃出屋,民宿,新潟県妙高市大字杉野沢1970,0255-86-6122,36.858727,138.153107,住所,妙高市,
上越,妙高市,杉野沢,森茂荘,旅館,新潟県妙高市杉野沢2569-3,0255-86-6101,36.847614,138.158524,住所(概略),妙高市,
上越,妙高市,杉野沢,白銀館,ロッジ,新潟県妙高市杉野沢1963-1,0255-86-6031,36.849770,138.161667,住所(概略),妙高市,
上越,妙高市,杉野沢,結びの宿 田端屋,旅館,新潟県妙高市杉野沢2468,0255-86-6108,36.848278,138.160217,住所(概略),妙高市,
上越,妙高市,桶海,アパホテル＆リゾート 上越妙高,ホテル,新潟県妙高市桶海1090,0255-82-4111,36.903172,138.250580,住所,妙高市,
上越,妙高市,池の平,エビスヤ旅館,旅館,新潟県妙高市関川2307,0255-86-2115,36.869790,138.178208,施設,妙高市,node/13058918680
上越,妙高市,池の平,ロッジコクハ,ロッジ,新潟県妙高市関川2433-2,0255-86-2259,36.871788,138.174869,施設,妙高市,way/802382174
上越,妙高市,燕温泉,ホテル花文,旅館,新潟県妙高市関山6087,0255-82-3136,36.901352,138.161942,住所(概略),妙高市,
上越,妙高市,赤倉温泉,Forest＆Stars Akaura Lodge,旅館,新潟県妙高市二俣1526-611,070-8399-7980,36.890591,138.185287,住所(概略),妙高市,
上越,妙高市,赤倉温泉,お宿銀明荘,旅館,新潟県妙高市赤倉107-2,0255-87-2566,36.902931,138.181747,住所,妙高市,
上越,妙高市,赤倉温泉,きよし旅館,旅館,新潟県妙高市大字赤倉426-15,0255-87-2100,36.893810,138.178955,住所(概略),妙高市,
上越,妙高市,赤倉温泉,ハートウォーマー,旅館,新潟県妙高市二俣1526-610,0255-86-3911,36.890591,138.185287,住所(概略),妙高市,
上越,妙高市,赤倉温泉,モン・セルヴァン,ペンション,新潟県妙高市二俣1526-344,0255-87-3143,36.890591,138.185287,住所(概略),妙高市,
上越,妙高市,赤倉温泉,リゾートイン大樹,ペンション,新潟県妙高市赤倉585-180,0255-87-3401,36.891521,138.178253,住所(概略),妙高市,
上越,妙高市,赤倉温泉,ロッヂハンター,ロッジ,新潟県妙高市赤倉123,0255-87-2247,36.894913,138.178467,住所(概略),妙高市,
上越,妙高市,赤倉温泉,香雲閣,旅館,新潟県妙高市大字赤倉481,0255-87-2641,36.894096,138.177094,住所(概略),妙高市,
上越,妙高市,赤倉温泉,Ｍyoko Woodland Lodge,ロッジ,新潟県妙高市大字二俣1526－197,0255-86-3911,36.890591,138.185287,住所(概略),妙高市,
上越,妙高市,関温泉,休暇村 妙高,ホテル,新潟県妙高市関山6087-10-1,0255-82-3168,36.901352,138.161942,住所(概略),妙高市,
上越,妙高市,関温泉,登美屋旅館,旅館,新潟県妙高市大字関山6087-25,0255-82-2319,36.901352,138.161942,住所(概略),妙高市,
上越,上越市,直江津・春日山エリア,きっちんやど本舗,ホテル,新潟県上越市木田3丁目7-20,025-522-4989,37.139256,138.240967,住所,上越市,
上越,上越市,直江津・春日山エリア,ホテル門前の湯（外部リンク）,ホテル,新潟県上越市大字下門前1907,025-520-8500,37.159222,138.254359,施設,上越市,node/11765095292
上越,上越市,直江津・春日山エリア,ホテル ルートイン上越,ホテル,新潟県上越市塩屋新田157-1,025-531-3233,37.161872,138.247357,施設,上越市,node/9843222725
上越,上越市,直江津・春日山エリア,グランピング上越 蒼天海峯,グランピング施設,新潟県上越市五智国分1835-1,025-520-5182,37.166443,138.207245,住所,上越市,
上越,上越市,高田エリア,晴山荘（外部リンク）,旅館,新潟県上越市大貫2-17-22,025-523-5230,37.103016,138.230164,住所,上越市,
上越,上越市,高田エリア,東横INN 上越妙高駅西口,ホテル,新潟県上越市大和5-2-3,025-527-6045,37.081490,138.247055,住所,上越市,
上越,上越市,東部エリア,六夜山荘,体験施設,新潟県上越市安塚区細野1151-1,025-592-2698,37.123135,138.482224,住所,上越市,
上越,上越市,東部エリア,きはだの宿,旅館,新潟県上越市安塚区須川6306-1,025-593-2858,37.048077,138.489380,住所(概略),上越市,
上越,上越市,東部エリア,ペンション LIVE,旅館,新潟県上越市安塚区須川4717,025-593-2218,37.048077,138.489380,住所(概略),上越市,
上越,上越市,東部エリア,ヴィラ・アルピーヌ,旅館,新潟県上越市安塚区須川5006-1,025-593-2822,37.048077,138.489380,住所(概略),上越市,
上越,上越市,東部エリア,月影の郷,体験施設,新潟県上越市浦川原区横住410,025-599-3302,37.125774,138.419434,住所,上越市,
上越,上越市,東部エリア,あさひの里「大島庄屋の家」,体験施設,新潟県上越市大島区田麦1096-2,025-594-3848,37.169296,138.539307,住所(概略),上越市,
上越,上越市,東部エリア,菖蒲高原コテージ,旅館,新潟県上越市大島区菖蒲2962-3,025-594-2030,37.061836,138.520737,住所,上越市,
上越,上越市,東部エリア,農家民宿うしだ屋,農家民宿,新潟県上越市大島区田麦1283,050-1001-1131,37.169296,138.539307,住所(概略),上越市,
上越,上越市,東部エリア,農家民宿 どぶろく荘,農家民宿,新潟県上越市牧区坪山1055-3,025-533-5643,37.120258,138.398438,住所,上越市,
上越,上越市,東部エリア,牧湯の里 深山荘,旅館,新潟県上越市牧区宇津俣285,025-533-6785,37.027649,138.449203,住所(概略),上越市,
上越,上越市,西部エリア,うみてらす名立 ホテル光鱗,ホテル,新潟県上越市名立区名立大町4280-1,025-531-6303,37.163702,138.086299,施設(照合),上越市,node/13228883798
上越,上越市,西部エリア,彦治右エ門,旅館,新潟県上越市長浜89,025-546-2028,37.162922,138.176666,住所,上越市,
上越,上越市,西部エリア,いそや旅館,旅館,新潟県上越市長浜191,025-546-2136,37.153763,138.168259,住所(概略),上越市,
上越,上越市,西部エリア,加茂屋,旅館,新潟県上越市長浜1369,025-546-2057,37.161289,138.174377,住所,上越市,
上越,上越市,西部エリア,喜久屋,旅館,新潟県上越市長浜119,025-546-2521,37.153763,138.168259,住所(概略),上越市,
上越,上越市,西部エリア,坪田旅館,旅館,新潟県上越市長浜1376,025-546-2025,37.155979,138.175766,住所,上越市,
上越,上越市,西部エリア,藤左衛門,旅館,新潟県上越市長浜200-1,025-546-2059,37.163242,138.172913,住所(概略),上越市,
上越,上越市,西部エリア,シーサイドわかば,旅館,新潟県上越市長浜108-4,025-546-2123,37.163242,138.172913,住所(概略),上越市,
上越,上越市,西部エリア,くわどり湯ったり村,旅館,新潟県上越市皆口601,025-541-2611,37.084328,138.135555,施設,上越市,way/1551986938
上越,上越市,西部エリア,松田旅館,旅館,新潟県上越市中郷区板橋554-1,0255-74-2134,36.988903,138.232269,住所,上越市,
上越,上越市,西部エリア,妙高サンシャインホテル,ホテル,新潟県上越市中郷区江口松ケ峯温泉846-1,0255-74-2421,36.952575,138.209981,施設,上越市,way/1221469315
上越,上越市,西部エリア,雪郷lodge,ホテル,新潟県上越市中郷区岡沢1073,0255-78-7701,36.985714,138.197815,住所,上越市,
上越,上越市,西部エリア,旅館田中屋,旅館,新潟県上越市長浜185-1,025-546-2128,37.163242,138.172913,住所(概略),上越市,
上越,上越市,西部エリア,旅館青木屋,旅館,新潟県上越市長浜193-2,025-546-2134,37.163242,138.172913,住所(概略),上越市,
上越,上越市,西部エリア,旅館ことぶきや,旅館,新潟県上越市長浜134-1,025-546-2112,37.163242,138.172913,住所(概略),上越市,
上越,上越市,南部エリア,ゑしんの里 やすらぎ荘,旅館,新潟県上越市板倉区久々野1624-1,0255-78-4833,36.994343,138.343735,住所,上越市,
上越,上越市,南部エリア,清里いばしょベース Cha-ya,農家民宿,新潟県上越市清里区武士1216,090-7512-9078,37.079010,138.316818,住所,上越市,
上越,上越市,南部エリア,さんわwellゲストハウス,ゲストハウス,新潟県上越市三和区大593,025-512-0401,37.113312,138.370972,住所,上越市,
上越,上越市,北部エリア,マリンホテル ハマナス,旅館,新潟県上越市柿崎区上下浜262,025-536-6565,37.251789,138.353683,住所,上越市,
上越,上越市,北部エリア,米山水源ホテル,ホテル,新潟県上越市柿崎区上下浜2362,025-536-6677,37.235298,138.362732,住所,上越市,
上越,上越市,北部エリア,旅館 佐渡見亭,旅館,新潟県上越市柿崎区上下浜426,025-536-3521,37.253777,138.356491,住所,上越市,
上越,上越市,北部エリア,お食事の館・旅人の宿 わすけ,旅館,新潟県上越市柿崎区上下浜1637,025-536-2110,37.249325,138.354477,住所,上越市,
上越,上越市,北部エリア,割烹・通年民宿 やまや,旅館,新潟県上越市柿崎区三ツ屋浜486-2,025-536-2389,37.256790,138.361316,施設(照合),上越市,node/11740366014
上越,上越市,北部エリア,えびすさんち,農家民宿,新潟県上越市頸城区上柳町66番地,025-530-3391,37.206158,138.339066,住所,上越市,
上越,上越市,北部エリア,ホテル上越パブリックシティ,ホテル,新潟県上越市頸城区西福島649,025-545-0100,37.185018,138.271356,施設,上越市,node/9843221450
上越,上越市,北部エリア,大池いこいの森ビジターセンター,体験施設,新潟県上越市頸城区日根津116-1,025-530-3160,37.185307,138.365082,住所,上越市,
上越,上越市,北部エリア,吉川スカイトピア遊ランド,体験施設,新潟県上越市吉川区坪野1458-2,025-547-2221,37.212463,138.480484,住所,上越市,
上越,上越市,北部エリア,明治庵,旅館,新潟県上越市大潟区雁子浜323-7,025-534-2156,37.240753,138.342926,住所(概略),上越市,
上越,上越市,北部エリア,鵜の浜 民宿センター,旅館,新潟県上越市大潟区九戸浜61-15,025-534-4696,37.237560,138.333374,住所,上越市,
上越,上越市,鵜の浜温泉,ロイヤルホテル 小林,旅館,新潟県上越市大潟区雁子浜304-2,025-534-2555,37.240753,138.342926,住所(概略),上越市,
上越,上越市,鵜の浜温泉,割烹旅館 三景,旅館,新潟県上越市大潟区九戸浜254,025-534-2721,37.239059,138.339249,住所(概略),上越市,
下越,新潟市中央区,新潟駅前（万代口）エリア,コンフォートホテル新潟駅前,ホテル†,新潟県新潟市中央区弁天3-3-1,025-242-0611,37.912676,139.057994,施設(照合),新潟市・新潟市台帳,way/422333637
下越,新潟市中央区,新潟駅前（万代口）エリア,コートホテル新潟,ホテル※,新潟県新潟市中央区弁天2-3-35,025-247-0505,37.914925,139.057770,住所(概略),新潟市・新潟市台帳,
下越,新潟市中央区,新潟駅前（万代口）エリア,アーバネックスイン新潟,—,新潟県新潟市中央区弁天2-3-32,025-255-1500,37.915173,139.057907,住所,新潟市・新潟市台帳,
下越,新潟市中央区,新潟駅前（万代口）エリア,東横イン新潟駅前,—,新潟県新潟市中央区花園1-2-2,025-241-1045,37.913258,139.061905,住所(概略),新潟市・新潟市台帳,
下越,新潟市中央区,新潟駅前（万代口）エリア,新潟第一ホテル,ホテル†,新潟県新潟市中央区花園1-3-12,025-243-1111,37.913901,139.063033,施設,新潟市・新潟市台帳,way/702450354
下越,新潟市中央区,新潟駅前（万代口）エリア,ホテル・アルファ・ワン新潟,ホテル※,新潟県新潟市中央区花園1-7-18,025-246-5555,37.913490,139.065048,住所,新潟市・新潟市台帳,
下越,新潟市中央区,新潟駅前（万代口）エリア,ドーミーイン新潟,ホテル†,新潟県新潟市中央区明石1-7-14,025-247-7755,37.916187,139.064544,施設,新潟市・新潟市台帳,way/621489038
下越,新潟市中央区,新潟駅前（万代口）エリア,ジュラクステイ新潟,ホテル†,新潟県新潟市中央区花園1-6-15,025-249-8100,37.914316,139.064368,施設,新潟市・新潟市台帳,way/702450301
下越,新潟市中央区,新潟駅前（万代口）エリア,ホテルリブマックス新潟駅前,ホテル※,新潟県新潟市中央区花園1-7-10,025-241-7700,37.913971,139.064545,住所,新潟市,
下越,新潟市中央区,新潟駅南（南口）エリア,新潟イーストホテル,ホテル※,新潟県新潟市中央区笹口1-11-5,025-246-1711,37.912418,139.065079,住所,新潟市・新潟市台帳,
下越,新潟市中央区,新潟駅南（南口）エリア,ホテル・ターミナルイン,ホテル†,新潟県新潟市中央区笹口1-14-3,025-245-1100,37.911551,139.064766,施設,新潟市・新潟市台帳,node/14100992148
下越,新潟市中央区,新潟駅南（南口）エリア,ホテルターミナルアートイン,ホテル†,新潟県新潟市中央区笹口1-15-1,025-246-7111,37.911749,139.065160,施設,新潟市・新潟市台帳,node/14100920849
下越,新潟市中央区,新潟駅南（南口）エリア,パンション駅南,ホテル†,新潟県新潟市中央区鐙1-1-22,025-241-4090,37.905443,139.064952,施設,新潟市・新潟市台帳,way/729576800
下越,新潟市中央区,万代エリア,ANAクラウンプラザホテル新潟 by IHG,ホテル†,新潟県新潟市中央区万代5-11-20,025-245-3333,37.918399,139.059206,施設(照合),新潟市・新潟市台帳・楽天トラベル,way/344636312
下越,新潟市中央区,万代エリア,ホテル日航新潟,ホテル†,新潟県新潟市中央区万代島5-1,025-240-1888,37.925220,139.059171,施設,新潟市・新潟市台帳,node/3847384440
下越,新潟市中央区,万代エリア,アパホテル＆リゾート〈新潟駅前大通〉,ホテル※,新潟県新潟市中央区万代5-1-1,025-240-0811,37.916939,139.059006,住所,新潟市・新潟市台帳,
下越,新潟市中央区,古町エリア,株式会社新潟グランドホテル,ホテル†,新潟県新潟市中央区下大川前通3-2230,025-228-6111,37.921632,139.052562,施設,新潟市・新潟市台帳,way/422603794
下越,新潟市中央区,古町エリア,ホテルディアモント新潟,ホテル†,新潟県新潟市中央区本町通6-1099,025-223-1122,37.921417,139.046670,施設,新潟市・新潟市台帳,node/3001651046
下越,新潟市中央区,古町エリア,アパホテル〈新潟古町〉,ホテル※,新潟県新潟市中央区東堀通6-1037-1,025-229-2211,37.921406,139.045486,住所,新潟市・新潟市台帳,
下越,新潟市中央区,古町エリア,東横イン新潟古町,—,新潟県新潟市中央区上大川前通7-1168-2,025-227-1045,37.921917,139.047760,住所(概略),新潟市・新潟市台帳,
下越,新潟市中央区,古町エリア,ホテルクラウンヒルズ新潟2号 東中通店（旧アパホテル新潟東中通）,ホテル※,新潟県新潟市中央区東中通2-289-2,050-1726-0082,37.920528,139.039597,住所,新潟市・新潟市台帳,
下越,新潟市中央区,古町エリア,つかだ旅館,旅館※,新潟県新潟市中央区西堀通3-803-1,025-222-5591,37.919125,139.042175,住所(概略),新潟市,
下越,新潟市中央区,磐越道 新潟中央IC・ ビッグスワン周辺,ホテルルートイン新潟県庁南,ホテル†,新潟県新潟市中央区東出来島11-14,025-280-9811,37.901623,139.027806,施設,新潟市・新潟市台帳,node/12777706965
下越,新潟市中央区,磐越道 新潟中央IC・ ビッグスワン周辺,コンフォートイン新潟中央インター,—,新潟県新潟市中央区湖南14-5,025-283-9011,37.875469,139.039398,住所,新潟市・新潟市台帳,
下越,新潟市江南区,磐越道 新潟中央IC・ ビッグスワン周辺,コンフォートイン新潟亀田,—,新潟県新潟市江南区東早通2-1-11,025-382-1500,37.868889,139.085754,住所,新潟市・新潟市台帳,
下越,新潟市西区,北陸道 新潟西IC周辺,ホテルディアモント新潟西,ホテル†,新潟県新潟市西区山田2517-2,025-230-0055,37.881320,139.013726,施設,新潟市・新潟市台帳,way/1233227777
下越,新潟市西区,北陸道 新潟西IC周辺,ホテルルートイン新潟西インター,ホテル※,新潟県新潟市西区善久731-1,025-370-7411,37.859623,139.017776,住所,新潟市・新潟市台帳,
下越,新潟市東区,新潟空港・新日本海フェリー周辺,ビジネスホテル秋葉,ホテル※,新潟県新潟市東区秋葉通2-3722-227,025-275-5127,37.943066,139.079437,住所,新潟市・新潟市台帳,
中越,十日町市,,KOME HOME,—,新潟県十日町市の太田島という集落にある築70年の古民家です。古民家の良さを残しつつ水回りはリノベ,,37.127499,138.755569,住所(概略),十日町市,
中越,十日町市,,TAKADACHO-BASE,ゲストハウス,新潟県十日町市高田町2丁目276-12,090-9349-0523,37.131599,138.757050,住所,十日町市,
中越,十日町市,,Tani House Itaya,民泊/一棟貸,新潟県十日町市小出癸615番地,070-4559-8609,36.953156,138.734940,住所(概略),十日町市,
中越,十日町市,,▲越後妻有 大厳寺高原キャンプ場,キャンプ,,025-596-3133,,,未取得,十日町市,
中越,十日町市,,いろりとほたるの宿せとぐち,旅館/温泉/日帰り温泉,新潟県十日町市西田尻辛168,025-763-2431,36.994171,138.724319,住所(概略),十日町市,
中越,十日町市,,うぶすなの家,泊まれるアート,新潟県十日町市東下組3110,025-761-7767,37.195717,138.817856,住所,十日町市,
中越,十日町市,,お宿 こらっしゃい中条,ゲストハウス,新潟県十日町市中条甲764-1,025-755-5478,37.165508,138.769302,住所,十日町市,
中越,十日町市,,さくらハウス・うめハウス,ゲストハウス,新潟県十日町市稲荷町3丁目南5‐1,090-2761-3041,37.136494,138.755249,住所,十日町市,
中越,十日町市,,ふる里の宿 逢坂亭,民泊,,025-757-0393,,,未取得,十日町市,
中越,十日町市,,まつだい芝峠温泉 雲海,温泉/日帰り温泉,新潟県十日町市蓬平11-1,025-597-3939,37.154247,138.608368,住所(概略),十日町市,
中越,十日町市,,みんなの家,ゲストハウス,新潟県十日町市馬場丁1253−2,025-755-5080,37.095661,138.729767,住所,十日町市,
中越,十日町市,,よもぎHouse,民泊/一棟貸,新潟県十日町市蓬平149番地,090-2557-8977,37.154247,138.608368,住所(概略),十日町市,
中越,十日町市,,よんたご大塚,民泊,新潟県十日町市中条戊2169,090-6124-8816,37.167683,138.828339,住所,十日町市,
中越,十日町市,,オーストラリア・ハウス,泊まれるアート,,025-761-7767,,,未取得,十日町市,
中越,十日町市,,ゲストハウス ハチャネ,ゲストハウス,新潟県十日町市宮下町西267-1,025-755-5777,37.130383,138.761520,住所,十日町市,
中越,十日町市,,ビジネスホテル信江,旅館,新潟県十日町市高田町6町目734-1,025-757-8396,37.136700,138.744003,住所,十日町市,
中越,十日町市,,一軒家貸切り 農家民宿きらく,民宿※,新潟県十日町市木落684-3,080-3501-7391,37.188393,138.764328,住所,十日町市,
中越,十日町市,,三省ハウス,泊まれるアート,新潟県十日町市松之山小谷327,025-596-3854,37.103111,138.594530,施設,十日町市,node/3347752693
中越,十日町市,,光の館,泊まれるアート,新潟県十日町市上野甲2891,025-761-1090,37.189122,138.729890,施設,十日町市,node/2019594878
中越,十日町市,,十日町ふれあいの宿交流館＆みはらしcafe,ゲストハウス,新潟県十日町市稲荷町４丁目３６７－１,025-752-3289,37.137638,138.753235,住所,十日町市,
中越,十日町市,,古民家巳巳/民泊,民泊,新潟県十日町市程島巳898,090-5052-6294,37.011326,138.732269,住所,十日町市・楽天トラベル,
中越,十日町市,,夢の家,泊まれるアート/温泉,新潟県十日町市松之山湯本643,025-761-7767,37.063736,138.587234,住所(概略),十日町市,
中越,十日町市,,宮中島温泉 ミオンなかさと,温泉/日帰り温泉,新潟県十日町市宮中己4197,025-8-900,37.066636,138.707064,施設(照合),十日町市,way/176422880
中越,十日町市,,山ノ家  Café & Dormitory,ゲストハウス,新潟県十日町市松代3467-5,02-3-900,37.133778,138.607941,住所(概略),十日町市,
中越,十日町市,,旅館 壱番館,旅館,新潟県十日町市八箇甲457-1,025-757-8837,37.109135,138.774551,住所,十日町市,
中越,十日町市,,松之山温泉 里山ビジターセンター／湯治BAR,温泉,新潟県十日町市松之山湯本9‐4（ひなの宿ちとせ向かい）,025-595-8588,37.063736,138.587234,住所(概略),十日町市,
中越,十日町市,,松代城跡公園キャンプ場,キャンプ,新潟県十日町市松代5236,025-597-2220,37.133778,138.607941,住所(概略),十日町市,
中越,十日町市,,松代棚田ハウス,ゲストハウス,新潟県十日町市松代5570-1,025-594-7555,37.133778,138.607941,住所(概略),十日町市,
中越,十日町市,,民宿 萬代,民宿,新潟県十日町市中条甲1369,025-752-6627,37.165817,138.775055,住所,十日町市,
中越,十日町市,,民宿かみや,民宿,新潟県十日町市南鐙坂1377,025-757-6896,37.127190,138.720459,住所,十日町市,
中越,十日町市,,民宿みらい,一棟貸,新潟県の山郷にある古民家を改築した、管理人不在型の素泊まり宿です。1日1組限定の1棟貸切。都会の,,37.902451,139.023239,住所(概略),十日町市,
中越,十日町市,,民泊 玉屋,民泊,新潟県十日町市中屋敷645-1,025-761-7680,37.165695,138.743683,住所,十日町市,
中越,十日町市,,民泊「雪室の味」,民泊,新潟県十日町市中条甲724番地2,080-3373-7636,37.161083,138.776215,住所,十日町市,
中越,十日町市,,清津峡Hostel 雪ふる宿,ゲストハウス,新潟県十日町市葎沢申148,,36.959270,138.766220,住所,十日町市,
中越,十日町市,,渋海リバーサイドゆのしま,温泉/日帰り温泉,新潟県十日町市浦田2963,025-596-3003,37.059322,138.554535,住所,十日町市,
中越,十日町市,,百年の館,旅館・宿※,新潟県十日町市川治2224-6,025-761-7123,37.112499,138.753555,住所,十日町市,
中越,十日町市,,脱皮する家,一棟貸/泊まれるアート,新潟県十日町市峠776,025-761-7767,37.118618,138.530579,住所,十日町市,
中越,十日町市,,越後妻有 清田山キャンプ場,キャンプ,新潟県十日町市清田山己1742,080-9415-1501,36.991756,138.712814,住所,十日町市,
中越,十日町市,,農家民宿 三左衛門,旅館,新潟県十日町市干溝壬78番地,025-761-3721,37.055431,138.689896,住所,十日町市,
中越,十日町市,,農家民泊 燈家 Kominka  Akariya,民泊,新潟県十日町市下組368‐1,0487-12-900,37.216537,138.780701,住所,十日町市,
中越,十日町市,,醸す森,温泉,新潟県十日町市松之山黒倉1879-4,025-596-2200,37.093727,138.576523,住所,十日町市,
中越,十日町市,,里山十帖 THE HOUSE SEN,一棟貸,新潟県十日町市伊勢平治13-1,025-752-3184,37.167103,138.750732,住所,十日町市,
中越,十日町市,,重地大池自然観察広場,キャンプ,新潟県十日町市重地丁3455,01-13-900,37.011738,138.707870,住所,十日町市,
中越,十日町市,,雪の家 ～古澤邸～,民泊/一棟貸,新潟県十日町市】」（2024.10.27）,01-18-900,37.127499,138.755569,住所(概略),十日町市,
中越,十日町市,,雪原学舎※冬季間のみ営業,キャンプ,新潟県十日町市本屋敷丁５８,01-13-900,37.081409,138.689148,住所(概略),十日町市,
上越,糸魚川市,,親不知交流センターまるたん坊,ホテル†,新潟県糸魚川市外波106,025-562-3002,37.003731,137.734243,施設(照合),糸魚川市,node/5503956959
上越,糸魚川市,,民宿 和,民宿※,新潟県糸魚川市歌179,025-562-1008,36.997711,137.747086,住所,糸魚川市,
上越,糸魚川市,,雨飾温泉 雨飾山荘,ホテル†,新潟県糸魚川市梶山1870,090-9016-3212,36.920814,137.954572,施設(照合),糸魚川市,node/12989301507
上越,糸魚川市,,民宿 ひょうざ,民宿※,新潟県糸魚川市押上2-2-13,025-552-0715,37.050346,137.878128,住所,糸魚川市,
上越,糸魚川市,,民宿 かんざん,民宿※,新潟県糸魚川市南押上3-1-32,025-552-5321,37.046570,137.879242,住所,糸魚川市,
上越,糸魚川市,,ホテルルートイン糸魚川,ホテル†,新潟県糸魚川市横町2-13-2,025-553-1161,37.042523,137.852208,施設(照合),糸魚川市,way/671511646
上越,糸魚川市,,ビジネスインゴールドエイト,—,新潟県糸魚川市大町1-1-28,025-556-6868,37.043667,137.860123,住所,糸魚川市,
上越,糸魚川市,,民宿 古畑,民宿※,新潟県糸魚川市中央1-10-12,025-552-1305,37.042316,137.862320,住所,糸魚川市,
上越,糸魚川市,,民宿 幸右衛門,民宿※,新潟県糸魚川市大和川48-1,025-552-6678,37.055157,137.896347,住所,糸魚川市,
上越,糸魚川市,,ペンション・クルー,ゲストハウス/民宿†,新潟県糸魚川市大和川1161,025-550-1125,37.052089,137.889994,施設(照合),糸魚川市,node/4024800629
上越,糸魚川市,,旅館 坂中屋,ホテル†,新潟県糸魚川市筒石1766-1,025-567-2233,37.128386,138.049620,施設,糸魚川市,node/6400399850
上越,糸魚川市,,ミナト旅館,旅館※,新潟県糸魚川市能生小泊57,025-566-3306,37.110931,138.001862,住所,糸魚川市,
上越,糸魚川市,,なかため旅館,旅館※,新潟県糸魚川市能生7216,025-566-2062,37.105183,137.990417,住所,糸魚川市,
上越,糸魚川市,,柵口温泉 対岳荘,旅館・宿※,新潟県糸魚川市柵口1097-1,025-568-2720,37.034889,138.048569,住所(概略),糸魚川市,
上越,糸魚川市,,柵口温泉 山城屋,旅館・宿※,新潟県糸魚川市柵口1057-2,025-568-2121,37.034889,138.048569,住所(概略),糸魚川市,
上越,糸魚川市,,日本海 能生の宿 見晴らし亭 木造の家/民泊,ホテル†,新潟県糸魚川市大平寺1359,090-3226-0405,37.097962,137.980479,施設(照合),糸魚川市・楽天トラベル,node/12254427608
上越,糸魚川市,,長者温泉ゆとり館,旅館・宿※,新潟県糸魚川市木浦18778,025‐566‐3485,37.068691,137.974701,住所,糸魚川市,
上越,糸魚川市,,1日1組限定 “一村貸し”で過ごす 宿屋『堂道』,—,新潟県糸魚川市市野々792,090-9294-9187（担当：株式会社 伝燈　永田）,36.986294,137.903076,住所,糸魚川市,
中越,魚沼市,大湯温泉,ペンション デューク,ゲストハウス/民宿†,新潟県魚沼市大湯温泉352,025-795-2742,37.193835,139.079499,施設,魚沼市,way/895877882
中越,魚沼市,大湯温泉,銀泉荘,旅館・宿※,新潟県魚沼市大湯温泉282,025-795-2700,37.194149,139.080185,住所(概略),魚沼市,
中越,魚沼市,大湯温泉,こだま旅館,旅館※,新潟県魚沼市大湯温泉223-4,025-795-2258,37.162201,139.075378,住所,魚沼市,
中越,魚沼市,大湯温泉,住吉屋旅館,旅館※,新潟県魚沼市大湯温泉281,025-795-2727,37.194149,139.080185,住所(概略),魚沼市,
中越,魚沼市,折立温泉,ホテル ゆのたに荘,ホテル※,新潟県魚沼市下折立245,025-795-2206,37.206680,139.062012,住所(概略),魚沼市,
中越,魚沼市,折立温泉,やまきや旅館,旅館※,新潟県魚沼市下折立528,025-795-2704,37.205677,139.066010,住所,魚沼市,
中越,魚沼市,銀山平温泉,奥只見山荘,ゲストハウス/民宿†,新潟県魚沼市下折立字北ノ又1039,025-795-2239,37.134929,139.138173,施設,魚沼市,way/1311705908
中越,魚沼市,銀山平温泉,湖山荘,ゲストハウス/民宿†,新潟県魚沼市下折立字北ノ又1038,025-795-2226,37.135432,139.138707,施設,魚沼市,way/1311705909
中越,魚沼市,銀山平温泉,民宿 樹湖里,ゲストハウス/民宿†,新潟県魚沼市銀山平温泉,025-795-2772,37.136880,139.140698,施設,魚沼市,way/1524811744
中越,魚沼市,銀山平温泉,伝之助小屋,山小屋/山荘※,新潟県魚沼市銀山平,025-795-2452,37.236431,138.963776,住所(概略),魚沼市,
中越,魚沼市,奥只見,緑の学園１号館,旅館・宿※,新潟県魚沼市湯之谷芋川字大鳥1317-3,025-795-2684,37.203346,139.027603,住所(概略),魚沼市,
中越,魚沼市,奥只見,お宿 とんじろ,旅館・宿※,新潟県魚沼市芋川大鳥1317-10,025-795-2646,37.374001,139.094727,住所,魚沼市,
中越,魚沼市,奥只見,奥只見湖畔の宿 六方,旅館・宿※,新潟県魚沼市湯之谷芋川200,025-795-2685,37.203346,139.027603,住所(概略),魚沼市,
中越,魚沼市,鷹ノ巣,清四郎小屋,ゲストハウス/民宿†,新潟県魚沼市鷹ノ巣,090-2558-0028（衛星電話のため繋がりにくい場合があります）,37.044464,139.256912,施設,魚沼市,way/1524824973
中越,魚沼市,駒の湯温泉,駒の湯山荘,ホテル†,新潟県魚沼市大湯温泉719-1,090-2560-0305（衛星電話のため繋がりにくい場合があります）,37.162256,139.089091,施設(照合),魚沼市,way/1311698704
中越,魚沼市,小出・薬師温泉,川善旅館,ホテル†,新潟県魚沼市四日町1480,025-792-0005,37.233114,138.953061,施設,魚沼市,node/2259015915
中越,魚沼市,小出・薬師温泉,四季の郷薬師温泉 やまびこ荘,旅館・宿※,新潟県魚沼市七日市1173,025-792-7015,37.237137,138.975861,住所,魚沼市,
中越,魚沼市,神湯温泉,神湯とふれあいの里（神湯温泉倶楽部）,—,新潟県魚沼市清本583,025-799-3350,37.286514,138.995682,住所(概略),魚沼市,
中越,魚沼市,守門,民宿 治兵衛,民宿※,新潟県魚沼市須原936,025-797-2135,37.319050,139.015594,住所,魚沼市,
中越,魚沼市,守門,民宿 浦新,民宿※,新潟県魚沼市須原904,025-797-2149,37.329010,139.008728,住所,魚沼市,
中越,魚沼市,守門,民宿 小西屋,民宿※,新潟県魚沼市須原932,025-797-2134,37.319611,139.015030,住所,魚沼市,
中越,魚沼市,守門,民宿 加賀屋,民宿※,新潟県魚沼市須原1327,025-797-2069,37.319012,139.016846,住所,魚沼市,
中越,魚沼市,守門,民宿 金龍,民宿※,新潟県魚沼市須原1340-1,025-797-2991,37.319965,139.015854,住所,魚沼市,
中越,魚沼市,守門,民宿 ひら吉,民宿※,新潟県魚沼市須原2768,025-797-3233,37.323933,139.019714,住所,魚沼市,
中越,魚沼市,守門,民泊 ドリーム,民泊※,新潟県魚沼市須原1290-1,025-793-7442,37.317101,139.018784,住所(概略),魚沼市,
中越,魚沼市,入広瀬・大白川,民宿 才七,民宿※,新潟県魚沼市大白川356-2,025-796-2540,37.346813,139.135620,住所,魚沼市,
下越,阿賀野市,五頭温泉郷,角屋旅館,ホテル†,,,37.800171,139.291465,施設,五頭温泉郷,node/6155026276
下越,村上市,瀬波温泉,瀬波はまなす荘,ホテル†,,+81 254 52 5291,38.223189,139.443944,施設,瀬波温泉組合,way/1493581564
下越,村上市,瀬波温泉,湯元龍泉,—,,,,,未取得,瀬波温泉組合,
下越,村上市,瀬波温泉,磐舟,—,,,,,未取得,瀬波温泉組合,
中越,弥彦村,弥彦温泉,みますや旅館,旅館※,新潟県弥彦村弥彦1222-1,0256-94-2109,37.703503,138.828003,住所,弥彦村・燕市観光協会,
中越,弥彦村,弥彦温泉,冥加屋ハウス,—,新潟県西蒲原郡弥彦村大字弥彦1043-48-3,0256-94-2135,37.701176,138.830688,住所(概略),弥彦村,
中越,弥彦村,弥彦温泉,よってけ亭,旅館・宿※,新潟県西蒲原郡弥彦村大字弥彦1248,090-7280-0438,37.703419,138.827972,住所(概略),弥彦村,
中越,弥彦村,弥彦温泉,やひこRVパーク,キャンプ場/RVパーク※,新潟県西蒲原郡弥彦村大字麓1970,0256-94-1126,37.677444,138.826370,住所,弥彦村,
中越,弥彦村,弥彦温泉,やひこ YYPark,—,,0256-78-8288,,,未取得,弥彦村,
中越,柏崎市,,田谷商店,民宿・ペンション,新潟県柏崎市宮川2293番地,0257-22-3163,37.457230,138.621658,住所(概略),柏崎市,
中越,柏崎市,,民宿・浜茶屋 千鳥,民宿・ペンション,新潟県柏崎市鯨波2-3-27,0257-22-2983,37.355946,138.516922,住所,柏崎市,
中越,柏崎市,,民宿 楽風～ラフ～,民宿・ペンション,新潟県柏崎市番神2-10-33,0257-32-8070,37.365112,138.528839,住所(概略),柏崎市,
中越,柏崎市,,さかえ茶屋,旅館,新潟県柏崎市西山町石地47-29,0257-47-2623,37.514359,138.666199,住所,柏崎市,
中越,柏崎市,,民宿 たや,民宿・ペンション,新潟県柏崎市宮川2293,0257-35-2026,37.457230,138.621658,住所(概略),柏崎市,
中越,柏崎市,,新澤旅館,旅館※,新潟県柏崎市東の輪町3-3,0257-23-4335,37.360664,138.524918,住所,柏崎市,
中越,柏崎市,,小竹屋旅館,旅館,新潟県柏崎市鯨波2-3-6,0257-23-6450,37.356258,138.516464,住所(概略),柏崎市,
中越,柏崎市,,HATCHの寝床,ゲストハウス,新潟県柏崎市鯨波3-10-18,090-4750-0070,37.352764,138.508133,住所,柏崎市,
中越,柏崎市,,旅館 広川,旅館,新潟県柏崎市東の輪町3-35,0257-22-6092,37.360954,138.524170,住所,柏崎市,
中越,柏崎市,,ビジネスホテル シームーンライト,ビジネスホテル,新潟県柏崎市新花町6-20,0257-22-3148,37.376076,138.563461,住所,柏崎市,
中越,柏崎市,,じょんのび村 農村貸別荘 ファームハウス,旅館,新潟県柏崎市高柳町高尾10-1,0257-41-2222,37.216682,138.610443,住所(概略),柏崎市・楽天トラベル,
中越,柏崎市,,エリアワン番神岬,ホテル,新潟県柏崎市番神2-10-39,0257-22-5300,37.365052,138.529229,施設,柏崎市,way/942153036
中越,柏崎市,,府中屋商店,民宿・ペンション,新潟県柏崎市米山町2516,0257-26-2350,37.310776,138.434784,住所,柏崎市,
中越,柏崎市,,クラウドナイン番神,民宿・ペンション,新潟県柏崎市番神2-10-33,0257-23-2826,37.365112,138.528839,住所(概略),柏崎市,
中越,柏崎市,,民宿 磯美荘,民宿・ペンション,新潟県柏崎市番神2-10-33,0257-24-2101,37.365112,138.528839,住所(概略),柏崎市,
中越,柏崎市,,末広旅館,旅館,新潟県柏崎市小倉町12-19,0257-22-3249,37.374077,138.564331,住所,柏崎市・楽天トラベル,
中越,柏崎市,,奥の湯 湯元館,旅館,新潟県柏崎市大広田770,0257-25-3500,37.352875,138.679443,住所,柏崎市,
中越,柏崎市,,ブルーマリーン,旅館,新潟県柏崎市番神2-630-1,0257-22-2369,37.363293,138.529160,住所,柏崎市,
中越,柏崎市,,Tabist ビジネスホテルちとせ 柏崎,ビジネスホテル,新潟県柏崎市日吉町8-8,0257-24-6421,37.369869,138.576080,住所,柏崎市・楽天トラベル,
中越,加茂市,,菊屋旅館,旅館,新潟県加茂市仲町1-36,0256-52-0064,37.658611,139.055954,住所,加茂市,
中越,加茂市,,井上旅館,旅館,新潟県加茂市駅前4-3,0256-52-0335,37.659138,139.050003,住所,加茂市,
中越,加茂市,,季心里,一棟貸し古民家,新潟県加茂市矢立4-30,0256-52-2308,37.654945,139.044037,住所,加茂市,
中越,加茂市,,古中天,一棟貸し古民家,新潟県加茂市新町2丁目3-24,0256-52-2308,37.655991,139.062622,住所,加茂市,
中越,加茂市,,みのり,貸別荘,新潟県加茂市下土倉820,,37.644875,139.127930,住所,加茂市,
中越,刈羽村,,荒木屋,旅館,新潟県刈羽郡刈羽村大字下高町1617,0257-45-2038,37.408241,138.604919,住所,刈羽村,
中越,刈羽村,,刈羽村宿泊交流センター ピーチビレッジ,宿泊交流センター,新潟県刈羽郡刈羽村大字刈羽4286-2,0257-31-8600,37.427818,138.616623,住所(概略),刈羽村,
中越,刈羽村,,稲村屋 刈羽パワーヴィレッジ,宿舎・長期滞在,新潟県刈羽郡刈羽村大字刈羽4046-1,0257-41-5670,37.427818,138.616623,住所(概略),刈羽村,
中越,出雲崎町,,割烹御宿 たまきや,旅館,新潟県三島郡出雲崎町大字尼瀬183,0258-78-2171,37.536972,138.679626,住所(概略),出雲崎町観光協会,
中越,出雲崎町,,割烹御宿 みよや,旅館,新潟県三島郡出雲崎町大字羽黒町101-1,0258-78-3181,37.545303,138.693344,住所(概略),出雲崎町観光協会,
中越,出雲崎町,,割烹・なごみの宿 佐平次,旅館,新潟県三島郡出雲崎町大字羽黒町111-1,0258-78-2116,37.545303,138.693344,住所(概略),出雲崎町観光協会,
中越,出雲崎町,,農家民宿かっちゃん,農家民宿,新潟県三島郡出雲崎町大字大門66,0258-78-3658,37.532574,138.716995,住所,出雲崎町観光協会,
中越,出雲崎町,,農家民宿 もりやま,農家民宿,新潟県三島郡出雲崎町大字立石87-2,0258-78-2492,37.532242,138.703186,住所(概略),出雲崎町観光協会,
中越,出雲崎町,,ギルドハウスのぶ,ゲストハウス,新潟県三島郡出雲崎町大字尼瀬170-1,0258-89-8081,37.536972,138.679626,住所(概略),出雲崎町観光協会,
中越,出雲崎町,,農家民宿さとやま,農家民宿,新潟県三島郡出雲崎町大字立石87-2,0258-78-2492,37.532242,138.703186,住所(概略),出雲崎町観光協会,
中越,出雲崎町,,樽蔵,—,新潟県三島郡出雲崎町尼瀬160,0258-86-7924,37.536972,138.679626,住所(概略),出雲崎町観光協会,
中越,出雲崎町,,日本海夕日ヴィラOne Story,貸別荘,新潟県三島郡出雲崎町勝見,080-4881-1600,37.528454,138.672577,住所,出雲崎町観光協会,
中越,出雲崎町,,The earth with dogs,—,新潟県三島郡出雲崎町大字久田160,0258-89-8126,37.566666,138.721100,住所,出雲崎町観光協会,
下越,新潟市北区,,ホテル 二羽のうさぎ,ホテル※,新潟市北区木崎2593番地3,,37.944664,139.186981,住所(概略),新潟市台帳,
下越,新潟市北区,,ホテルUs(ユーズ),ホテル※,新潟市北区木崎2594番地3,,37.944664,139.186981,住所(概略),新潟市台帳,
下越,新潟市北区,,アイエコIII,—,新潟市北区葛塚3373番地,,37.913147,139.212830,住所(概略),新潟市台帳,
下越,新潟市北区,,北新旅館,ホテル†,新潟市北区太郎代2637番地2,,37.981723,139.212165,施設,新潟市台帳,way/558965850
下越,新潟市北区,,菱風荘,旅館・宿※,新潟市北区前新田乙364番地1,,37.913479,139.236450,住所,新潟市台帳,
下越,新潟市北区,,ホテル 星とうさぎ,ホテル※,新潟市北区松潟1428番地2,,37.928951,139.170578,住所,新潟市台帳,
下越,新潟市北区,,旅館 しかい,旅館※,新潟市北区松浜本町2丁目11番15号,,37.948498,139.144440,住所,新潟市台帳,
下越,新潟市東区,,ホテルレッド,ホテル※,新潟市東区下場58番地1,,37.909046,139.101425,住所,新潟市台帳,
下越,新潟市東区,,ホテルマリー,ホテル※,新潟市東区寺山364番地7,,37.914398,139.114502,住所,新潟市台帳,
下越,新潟市東区,,谷沢旅館,旅館※,新潟市東区本所1丁目14番25号,,37.918373,139.138748,住所,新潟市台帳,
下越,新潟市東区,,割烹旅館山小家ホテル,ホテル※,新潟市東区松園2丁目1番7号,,37.940239,139.098511,住所,新潟市台帳,
下越,新潟市中央区,,ホテルムスク,ホテル※,新潟市中央区明石1丁目1番16号,,37.915752,139.064346,住所,新潟市台帳,
下越,新潟市中央区,,Doggo Inn Niigata,—,新潟市中央区明石1丁目3番11号,,37.915974,139.065414,住所,新潟市台帳,
下越,新潟市中央区,,宿舎早亀,ホテル†,新潟市中央区網川原2丁目29番8号,,37.892526,139.021200,施設,新潟市台帳,node/12777784568
下越,新潟市中央区,,上古町の門前宿 ODO,—,新潟市中央区一番堀通町685番地3,,37.915874,139.039352,住所,新潟市台帳,
下越,新潟市中央区,,ホテル玉林が民宿に,民宿※,新潟市中央区上大川前通5番町49番地9,,37.917698,139.047241,住所,新潟市台帳,
下越,新潟市中央区,,ホテルクラウン,ホテル※,新潟市中央区神道寺南1丁目14番33号,,37.895130,139.055618,住所,新潟市台帳,
下越,新潟市中央区,,ユースハウス石黒,—,新潟市中央区高志1丁目13番9号,,37.897102,139.073135,住所,新潟市台帳,
下越,新潟市中央区,,SASAGUCHI HOUSE,—,新潟市中央区笹口11番14号,,37.913422,139.070847,住所,新潟市台帳,
下越,新潟市中央区,,12(トゥェルブ),—,新潟市中央区笹口3丁目3番地1,,37.912712,139.067841,住所,新潟市台帳,
下越,新潟市中央区,,HOTEL 月とうさぎ2,ホテル※,新潟市中央区紫竹山4丁目7番3号,,37.900745,139.073288,住所,新潟市台帳,
下越,新潟市中央区,,HOTEL 月とうさぎ1,ホテル※,新潟市中央区紫竹山4丁目7番5号,,37.900784,139.073380,住所,新潟市台帳,
下越,新潟市中央区,,ホテルカサブランカ,ホテル※,新潟市中央区紫竹山4丁目7番8号,,37.900898,139.073639,住所,新潟市台帳,
下越,新潟市中央区,,ホテルこのゆびとーまれ,ホテル※,新潟市中央区紫竹山5丁目4番28号,,37.897343,139.069290,住所,新潟市台帳,
下越,新潟市中央区,,ブルーシャトー,—,新潟市中央区紫竹山5丁目4番29号,,37.897335,139.069168,住所,新潟市台帳,
下越,新潟市中央区,,ホテルエンペラー,ホテル※,新潟市中央区紫竹山5丁目7番20号,,37.897614,139.069641,住所,新潟市台帳,
下越,新潟市中央区,,ホテル OX,ホテル※,新潟市中央区紫竹山7丁目6番13号,,37.894859,139.063217,住所,新潟市台帳,
下越,新潟市中央区,,樋口旅館,旅館※,新潟市中央区下大川前通4ノ町2184番地,,37.922611,139.052353,住所,新潟市台帳,
下越,新潟市中央区,,リオンズホテル,ホテル※,新潟市中央区関南町2番16号,,37.898205,139.012726,住所,新潟市台帳,
下越,新潟市中央区,,ブランネージュ旅館私の部屋,旅館※,新潟市中央区鳥屋野303番地2,,37.886005,139.031799,住所,新潟市台帳,
下越,新潟市中央区,,ホテルエリーゼ,ホテル※,新潟市中央区長潟1丁目1番15号,,37.894707,139.067078,住所,新潟市台帳,
下越,新潟市中央区,,ホテルベニス,ホテル※,新潟市中央区長潟1丁目13番21号,,37.892250,139.065247,住所,新潟市台帳,
下越,新潟市中央区,,塚田旅館,旅館※,新潟市中央区西堀通3番町803番地1,,37.919125,139.042175,住所(概略),新潟市台帳,
下越,新潟市中央区,,小川家,—,新潟市中央区西堀前通9番町1532番地,,37.925350,139.044891,住所,新潟市台帳,
下越,新潟市中央区,,なり-nuttari NARI-,—,新潟市中央区沼垂東2丁目11番31号,,37.919224,139.069748,住所,新潟市台帳,
下越,新潟市中央区,,芳原旅館,ホテル†,新潟市中央区沼垂東6丁目9番1号,,37.925117,139.068704,施設,新潟市台帳,node/13032604304
下越,新潟市中央区,,シングルイン 新潟第1,—,新潟市中央区花園1丁目6番1号,025-290-7112,37.913734,139.063477,住所,新潟市台帳・楽天トラベル,
下越,新潟市中央区,,HOTEL LiVEMAX 新潟駅前,ホテル†,新潟市中央区花園1丁目7番10号,,37.913926,139.064654,施設(照合),新潟市台帳,way/702450317
下越,新潟市中央区,,THE TOP HOTEL,ホテル※,新潟市中央区花園2丁目1番1号,,37.914150,139.064774,住所,新潟市台帳,
下越,新潟市中央区,,ホテルビオラ,ホテル†,新潟市中央区花園2丁目1番22号,,37.914609,139.065912,施設,新潟市台帳,node/10279057973
下越,新潟市中央区,,シングルイン新潟第三,—,新潟市中央区花園2丁目2番23号,025-256-8851,37.913582,139.065811,住所,新潟市台帳・楽天トラベル,
下越,新潟市中央区,,皆泊 ~MINPAKU_hanazono~,—,新潟市中央区花園2丁目3番23号,,37.913963,139.066406,住所(概略),新潟市台帳,
下越,新潟市中央区,,新潟不動産開発ビル405、501号室,—,新潟市中央区花園2丁目3番23号,,37.913963,139.066406,住所(概略),新潟市台帳,
下越,新潟市中央区,,シングルイン新潟第二,—,新潟市中央区東大通1丁目11番3号,025-383-6613,37.914440,139.063126,住所,新潟市台帳・楽天トラベル,
下越,新潟市中央区,,シングルイン新潟第二新館,旅館・宿※,新潟市中央区東大通1丁目11番10号,025-255-5351,37.914833,139.063477,住所,新潟市台帳・楽天トラベル,
下越,新潟市中央区,,HIGASHIBORI FIVE,—,新潟市中央区東堀通5番町432番地1,,37.919720,139.044907,住所,新潟市台帳,
下越,新潟市中央区,,E-YADO 新潟,—,新潟市中央区東堀通5番町438番地1,,37.919060,139.044525,住所,新潟市台帳,
下越,新潟市中央区,,本田旅館,ホテル†,新潟市中央区東堀通13番町3017番地,,37.931542,139.047280,施設,新潟市台帳,node/13726515591
下越,新潟市中央区,,Lane,—,新潟市中央区東堀前通5番町423番地2,,37.919434,139.045395,住所,新潟市台帳,
下越,新潟市中央区,,ゲストハウス&バー くく,ゲストハウス/ホステル※,新潟市中央区古町通3番町557番地,,37.917576,139.042374,住所,新潟市台帳,
下越,新潟市中央区,,新潟タウンホテル 古町,ホテル†,新潟市中央区古町通9番町1458番地1,,37.925381,139.045894,施設,新潟市台帳,way/419709358
下越,新潟市中央区,,NIPPONIA 新潟古町 花街 美や古,ホテル†,新潟市中央区古町通9番町1462番地,,37.925578,139.046246,施設,新潟市台帳・楽天トラベル,way/419709231
下越,新潟市中央区,,bnb+新潟ブックイン,—,新潟市中央区弁天3丁目1番21号,,37.912552,139.058655,住所(概略),新潟市台帳,
下越,新潟市中央区,,さくらとうさぎ,—,新潟市中央区弁天橋通1丁目2番16号,,37.894802,139.067169,住所,新潟市台帳,
下越,新潟市中央区,,ホテルニューモナコ,ホテル※,新潟市中央区弁天橋通1丁目2番24号,,37.895149,139.067780,住所,新潟市台帳,
下越,新潟市中央区,,ホテルUs(ユーズ),ホテル※,新潟市中央区弁天橋通1丁目36番5号,,37.895054,139.072083,住所,新潟市台帳,
下越,新潟市中央区,,NIPPONIA 新潟古町 花街 はな弥,ホテル†,新潟市中央区本町通10番町1806番地1,,37.926844,139.048026,施設,新潟市台帳,node/13765846168
下越,新潟市中央区,,旅館福田,旅館※,新潟市中央区本町通14番町3056番地,,37.931667,139.047577,住所,新潟市台帳,
下越,新潟市中央区,,TOVILLA STAY 新潟本町,—,新潟市中央区本町通6番町1117番地1,,37.920258,139.046738,住所,新潟市台帳,
下越,新潟市中央区,,シャンティ,—,新潟市中央区本町通8番町1310番地1,,37.923416,139.047607,住所,新潟市台帳,
下越,新潟市中央区,,NIPPONIA 新潟古町 花街 うち波,ホテル†,新潟市中央区本町通9番町1326番地,,37.925062,139.048144,施設,新潟市台帳,way/419713644
下越,新潟市中央区,,チョコレ新潟,—,新潟市中央区本町通9番町1337番地2,,37.925716,139.047745,住所,新潟市台帳,
下越,新潟市中央区,,Minatomachi庵 -Iori-,—,新潟市中央区本間町2丁目2596番地4,,37.927288,139.049988,住所,新潟市台帳,
下越,新潟市中央区,,ビジネスイン南浜,—,新潟市中央区南浜通1番町373番地5,,37.924641,139.042130,住所,新潟市台帳,
下越,新潟市中央区,,ホテル エンジェル ラビット,ホテル※,新潟市中央区山二ツ5丁目10番9号,,37.892578,139.094177,住所,新潟市台帳,
下越,新潟市中央区,,こか(古家),—,新潟市中央区雪町2023番地5,,37.923965,139.050827,住所,新潟市台帳,
下越,新潟市江南区,,ホテルファースト亀田店1,ホテル※,新潟市江南区曙町3丁目4681番地1,,37.858986,139.124161,住所(概略),新潟市台帳,
下越,新潟市江南区,,ホテルファースト亀田店2,ホテル※,新潟市江南区曙町3丁目4681番地1,,37.858986,139.124161,住所(概略),新潟市台帳,
下越,新潟市江南区,,新潟県障害者交流センター,—,新潟市江南区亀田向陽1丁目9番1号,,37.877846,139.109360,住所,新潟市台帳,
下越,新潟市江南区,,本田屋旅館,旅館※,新潟市江南区亀田本町2丁目2番7号,,37.871971,139.107880,住所,新潟市台帳,
下越,新潟市江南区,,寿舞縷,—,新潟市江南区小杉5丁目3番40号,,37.878857,139.158691,住所,新潟市台帳,
下越,新潟市江南区,,大呂菴,—,新潟市江南区沢海2丁目15番25号,,37.830002,139.153381,住所,新潟市台帳,
下越,新潟市江南区,,旅館 大倉,旅館※,新潟市江南区西町4丁目1番5号,,37.874386,139.106400,住所(概略),新潟市台帳,
下越,新潟市秋葉区,,スロウプハウス,—,新潟市秋葉区秋葉1丁目6番20号,,37.791687,139.130386,住所,新潟市台帳,
下越,新潟市秋葉区,,ホテルラブラビット,ホテル†,新潟市秋葉区草水町1丁目13番111号,,37.785236,139.139941,施設,新潟市台帳,node/5323165622
下越,新潟市秋葉区,,花家旅館,旅館※,新潟市秋葉区新町1丁目2番25号,,37.799042,139.127502,住所,新潟市台帳,
下越,新潟市秋葉区,,ビジネスホテル新光,ホテル※,新潟市秋葉区新津本町1丁目7番4号,,37.800079,139.122559,住所,新潟市台帳,
下越,新潟市秋葉区,,会津屋旅館,旅館※,新潟市秋葉区新津本町2丁目12番1号,,37.799377,139.124893,住所,新潟市台帳,
下越,新潟市南区,,ファミリーロッジ旅籠屋・新潟南店,モーテル†,新潟市南区鯵潟四反田606番地,,37.775448,139.018456,施設,新潟市台帳,way/655202227
下越,新潟市南区,,ゲストハウスぐーぐー,ゲストハウス/民宿†,新潟市南区白根3013番地1,,37.762038,139.012896,施設,新潟市台帳,node/8828955077
下越,新潟市南区,,ホテル ニュー京都,ホテル※,新潟市南区戸頭3007番地1,,37.743214,139.014145,住所(概略),新潟市台帳,
下越,新潟市南区,,ホテル 京都,ホテル※,新潟市南区戸頭3008番地1,,37.743214,139.014145,住所(概略),新潟市台帳,
下越,新潟市南区,,リゾートふたり共和国,—,新潟市南区新飯田1030番地2,,37.685871,138.982910,住所,新潟市台帳,
下越,新潟市南区,,ホテルオリーブ,ホテル※,新潟市南区根岸775番地,,37.790859,139.018860,住所,新潟市台帳,
下越,新潟市南区,,ホテルエリーゼ,ホテル※,新潟市南区根岸800番地,,37.795670,139.025177,住所,新潟市台帳,
下越,新潟市南区,,アグリパーク宿泊施設,—,新潟市南区東笠巻新田3044番地,,37.816303,139.041519,住所(概略),新潟市台帳,
下越,新潟市西区,,ゲストハウス ORI ORI,ホテル†,新潟市西区五十嵐1の町6724番地9,,37.871543,138.950308,施設,新潟市台帳,node/14030297072
下越,新潟市西区,,ホテルエリーゼ,ホテル※,新潟市西区中権寺2810番地,,37.841511,138.911301,住所,新潟市台帳,
下越,新潟市西区,,ホテル寺尾 別館2,ホテル※,新潟市西区寺尾朝日通20番3号,,37.884239,138.984650,住所,新潟市台帳,
下越,新潟市西区,,HOTEL CAT,ホテル※,新潟市西区槇尾169番地,,37.856823,138.942993,住所,新潟市台帳,
下越,新潟市西蒲区,,めんめん亭わたや 別館,旅館・宿※,新潟市西蒲区岩室温泉282番地1,,37.736607,138.840088,住所,新潟市台帳,
下越,新潟市西蒲区,,髙志の宿 髙島屋,旅館・宿※,新潟市西蒲区岩室温泉678番地甲,,37.737312,138.837845,住所(概略),新潟市台帳,
下越,新潟市西蒲区,,岩室スロウホステル,ゲストハウス/ホステル※,新潟市西蒲区岩室温泉1276番地,,37.738056,138.832382,住所,新潟市台帳,
下越,新潟市西蒲区,,ホテルファースト1,ホテル※,新潟市西蒲区漆山7766番地1,,37.745560,138.936935,住所(概略),新潟市台帳,
下越,新潟市西蒲区,,ホテルファースト2,ホテル※,新潟市西蒲区漆山7766番地1,,37.745560,138.936935,住所(概略),新潟市台帳,
下越,新潟市西蒲区,,ホテルレスティ,ホテル※,新潟市西蒲区漆山7782番地,,37.746002,138.938599,住所,新潟市台帳,
下越,新潟市西蒲区,,リオンズホテル新潟,ホテル※,新潟市西蒲区漆山8385番地,,37.750645,138.928955,住所,新潟市台帳,
下越,新潟市西蒲区,,だるまや,—,新潟市西蒲区越前浜6838番地1,,37.820431,138.849091,住所,新潟市台帳,
下越,新潟市西蒲区,,福助茶屋,旅館・宿※,新潟市西蒲区角田浜3番地,,37.794285,138.825684,住所(概略),新潟市台帳,
下越,新潟市西蒲区,,七浦屋,旅館・宿※,新潟市西蒲区角田浜1072番地,,37.800137,138.829376,住所(概略),新潟市台帳,
下越,新潟市西蒲区,,朝日屋,旅館・宿※,新潟市西蒲区角田浜1072番地1,,37.800137,138.829376,住所(概略),新潟市台帳,
下越,新潟市西蒲区,,カーブドッチ・ヴィネスパ,—,新潟市西蒲区角田浜字焼山1652番地他8筆,,37.794285,138.825684,住所(概略),新潟市台帳,
下越,新潟市西蒲区,,トラヴィーニュ,—,新潟市西蒲区角田浜字焼山1667番地他2筆,,37.794285,138.825684,住所(概略),新潟市台帳,
下越,新潟市西蒲区,,ホテルエリーゼ,ホテル※,新潟市西蒲区栄1947番地1,,37.744377,138.844330,住所,新潟市台帳,
下越,新潟市西蒲区,,ホテル MGM,ホテル※,新潟市西蒲区栄2267番地1,,37.745110,138.846222,住所,新潟市台帳,
下越,新潟市西蒲区,,ホテル 楽園伝説,ホテル※,新潟市西蒲区下和納3425番地,,37.735291,138.895111,住所,新潟市台帳,
下越,新潟市西蒲区,,ホテル エンジェルハート,ホテル※,新潟市西蒲区高橋2756番地,,37.730320,138.894669,住所,新潟市台帳,
下越,新潟市西蒲区,,割烹 渡辺,—,新潟市西蒲区巻甲2443番地,,37.768574,138.880676,住所,新潟市台帳,
下越,新潟市西蒲区,,民宿 竹の家,民宿※,新潟市西蒲区間瀬616番地1,,37.724354,138.789871,住所,新潟市台帳,
下越,新潟市西蒲区,,柏木屋鮮魚,—,新潟市西蒲区間瀬4238番地,,37.728237,138.805023,住所(概略),新潟市台帳,
下越,新潟市西蒲区,,トーコー白岩,—,新潟市西蒲区間瀬7197番地2,,37.725925,138.805359,住所,新潟市台帳,
下越,新潟市西蒲区,,喜左ェ門,—,新潟市西蒲区間瀬7368番地,,37.728237,138.805023,住所(概略),新潟市台帳,
下越,新潟市西蒲区,,旅館丸一,旅館※,新潟市西蒲区間瀬7374番地1,,37.728237,138.805023,住所(概略),新潟市台帳,
下越,新潟市西蒲区,,入徳館野外研修場,—,新潟市西蒲区峰岡444番地2,,37.756786,138.845795,住所,新潟市台帳,
下越,新潟市西蒲区,,城山運動公園管理棟,—,新潟市西蒲区峰岡580番地,,37.764217,138.853210,住所,新潟市台帳,
下越,新潟市西蒲区,,ホテルティアラ,ホテル※,新潟市西蒲区和納1518番地,,37.723976,138.893112,住所,新潟市台帳,
下越,新潟市西蒲区,,ガーデンソフィア,特区民泊,新潟市西蒲区越前浜字向谷内5108番地,,37.813259,138.850357,住所(概略),新潟市台帳,
下越,新潟市西蒲区,,アグリ民泊 麦んち。,特区民泊,新潟市西蒲区越前浜5029番地,,37.813259,138.850357,住所(概略),新潟市台帳,
下越,新潟市西蒲区,,GUESTHOUSE HANARE,特区民泊,新潟市西蒲区間瀬5135番地,,37.728237,138.805023,住所(概略),新潟市台帳,
中越,南魚沼市,六日町温泉旅館,彩食一心 金誠館,旅館・宿※,新潟県南魚沼市坂戸１番地12,025-772-2377,37.058716,138.882431,住所(概略),六日町観光協会,
中越,南魚沼市,六日町温泉旅館,日章館,旅館・宿※,,025-772-2615,,,未取得,六日町観光協会,
中越,南魚沼市,六日町温泉旅館,越前屋旅館,ホテル†,,025-772-2012,37.063567,138.878971,施設,六日町観光協会,way/964963117
中越,南魚沼市,六日町温泉旅館,大和屋旅館,ホテル†,,025-772-2070,37.066182,138.876797,施設,六日町観光協会,way/964101598
中越,南魚沼市,六日町温泉旅館,くつろぎ庵,—,,025-772-8111,,,未取得,六日町観光協会,
中越,南魚沼市,六日町地区,サンバレーひぐち,—,,025-772-4147,,,未取得,六日町観光協会,
中越,南魚沼市,六日町地区,河原崎 湯元館,旅館・宿※,,025-772-2438,,,未取得,六日町観光協会,
中越,南魚沼市,六日町地区,ビジネスホテル ライフ,ホテル†,,025-770-2511,37.066453,138.876445,施設,六日町観光協会,way/1038936788
中越,南魚沼市,上の原地区,心と体の保養の宿 龍氣,旅館・宿※,新潟県南魚沼市小栗山2310,025-770-2525,37.069889,138.850708,住所,六日町観光協会,
中越,南魚沼市,上の原地区,むつみ荘,旅館・宿※,,025-772-3478,,,未取得,六日町観光協会,
中越,南魚沼市,上の原地区,ロッヂ 半二郎,ホテル†,,025-772-3744,37.070367,138.848372,施設,六日町観光協会,way/1058188823
中越,南魚沼市,上の原地区,武蔵ロッジ,ロッジ※,新潟県南魚沼市小栗山2223,025-772-3773,37.070896,138.848358,住所,六日町観光協会,
中越,南魚沼市,上の原地区,六日町温泉郷 ひいらぎ山荘,山小屋/山荘※,新潟県南魚沼市小栗山2146,025-773-6279,37.067375,138.833725,住所,六日町観光協会・楽天トラベル,
中越,南魚沼市,上の原地区,ロッヂ マロン,ホテル†,,025-773-3391,37.071448,138.848032,施設,六日町観光協会,way/1058188807
中越,南魚沼市,上の原地区,湖畔荘,ホテル†,新潟県南魚沼市小栗山2027-3,025-772-3336,37.068288,138.850172,施設,六日町観光協会・楽天トラベル,way/1058188838
中越,南魚沼市,上の原地区,むいか温泉ホテル,ホテル※,,025-773-3311,,,未取得,六日町観光協会,
中越,南魚沼市,八海山地区,八ツ峰養魚,—,,025-775-3421,,,未取得,六日町観光協会,
中越,南魚沼市,八海山地区,上村屋旅館,旅館※,,025-775-3072,,,未取得,六日町観光協会,
中越,南魚沼市,八海山地区,ペンション やまぼうし,ペンション※,新潟県南魚沼市山口1761・六日町八海山スキー場下,025-775-3258,37.098854,138.990662,住所(概略),六日町観光協会,
中越,南魚沼市,八海山地区,ペンション わかい,ペンション※,,025-775-3078,,,未取得,六日町観光協会,
中越,南魚沼市,八海山地区,八海会館（4月～11月：手打ちそば、12月～3月：民宿営業）,民宿※,,025-775-2693,37.101109,138.973444,施設(検索),六日町観光協会,
中越,南魚沼市,八海山地区,ペンション 村上,ペンション※,新潟県南魚沼市山口1746-2,025-775-7317,37.098854,138.990662,住所(概略),六日町観光協会,
中越,南魚沼市,八海山地区,ペンション カム,ペンション※,新潟県南魚沼市山口１７８７－１,025-775-2952,37.098854,138.990662,住所(概略),六日町観光協会,
中越,南魚沼市,八海山地区,愉快なオルソ,—,,025-775-3777,,,未取得,六日町観光協会,
中越,南魚沼市,五日町地区,旅館いろは亭,旅館※,,025-776-2813,,,未取得,六日町観光協会,
中越,南魚沼市,五日町地区,寿屋旅館,旅館※,,025-776-2166,,,未取得,六日町観光協会,
中越,南魚沼市,五日町地区,前田屋旅館,ホテル†,,025-776-2833,36.984381,138.798995,施設,六日町観光協会,way/1051958818
中越,南魚沼市,五日町地区,柾廣館,旅館・宿※,,025-776-2832,,,未取得,六日町観光協会,
中越,南魚沼市,五日町地区,やまなみ,—,,025-776-2160,,,未取得,六日町観光協会,
中越,南魚沼市,五十沢地区,五十沢温泉 ゆもとかん,—,新潟県南魚沼市宮17-4,025-774-2876,37.059093,138.927017,住所,六日町観光協会,
中越,南魚沼市,五十沢地区,畔地温泉 こいし,—,新潟県南魚沼市畔地1056,025-774-3514,37.052479,138.963104,住所,六日町観光協会,
中越,燕市,,燕三条ワシントンホテル,ホテル†,新潟県燕市井土巻3丁目65,0256-66-1111,37.650818,138.934551,施設,燕市観光協会,way/390453099
中越,燕市,,アパホテル＜新潟燕三条駅前＞,ホテル※,新潟県燕市井土巻3丁目211,0570-093-911,37.648960,138.936935,住所,燕市観光協会,
中越,燕市,,東横INN燕三条駅前,—,新潟県燕市井土巻3-132,0256-66-1045,37.650398,138.934875,住所,燕市観光協会,
中越,燕市,吉田,ホテル燕ヒルズ吉田駅前,ホテル※,新潟県燕市吉田日之出町30-15,050-1722-5816,37.686470,138.878845,住所,燕市観光協会,
中越,燕市,吉田,福本旅館,旅館※,新潟県燕市吉田旭町1丁目6-17,0256-93-2424,37.687607,138.875305,住所,燕市観光協会,
中越,燕市,吉田,こよしや旅館,旅館※,新潟県燕市吉田旭町1丁目8-20,0256-93-2226,37.688580,138.875946,住所,燕市観光協会,
中越,三条市,燕三条駅周辺,ホテルニューグリーン燕三条,ホテル†,新潟県三条市須頃2-116-2,0256-33-8000,37.646308,138.939711,施設,燕市観光協会,node/1393105271
中越,三条市,燕三条駅周辺,アクアホテル燕三条駅前店,ホテル※,新潟県三条市上須頃1-72,0256-36-7700,37.634544,138.942444,住所,燕市観光協会,
中越,三条市,燕三条駅周辺,コンフォートホテル燕三条,ホテル†,新潟県三条市須頃2-115,0256-36-5311,37.646462,138.939475,施設(照合),燕市観光協会,node/1393105272
中越,三条市,燕三条駅周辺,ホテルルートイン燕三条駅前,ホテル†,新潟県三条市須頃2-19,050-1725-6599,37.647218,138.940919,施設(照合),燕市観光協会,node/3287103797
中越,弥彦村,弥彦温泉,弥彦奥湯 上州苑（ペット可）,—,新潟県弥彦村観音寺494,0256-94-2114,37.693153,138.819229,住所(概略),燕市観光協会,
下越,阿賀町,,津川温泉 清川高原保養センター,—,新潟県東蒲原郡阿賀町京ノ瀬4851,0254-92-5530,37.696648,139.439484,住所,阿賀町,
下越,阿賀町,,御神楽温泉 みかぐら荘,旅館・宿※,新潟県東蒲原郡阿賀町広谷乙2088,0254-95-2121,37.576904,139.438477,住所(概略),阿賀町,
下越,阿賀町,,七福温泉 七福荘,旅館・宿※,新潟県東蒲原郡阿賀町七名乙930,0254-95-3550,37.547157,139.529465,住所(概略),阿賀町,
下越,阿賀町,,三川温泉 叶屋旅館,旅館※,新潟県東蒲原郡阿賀町五十沢1067-1,0254-99-2023,37.731861,139.392868,住所(概略),阿賀町・楽天トラベル,
下越,阿賀町,,三川温泉 新かい荘,旅館・宿※,新潟県東蒲原郡阿賀町五十沢295,0254-99-2013,37.731861,139.392868,住所(概略),阿賀町,
下越,阿賀町,,三川温泉 湯元館,旅館・宿※,新潟県東蒲原郡阿賀町五十沢1054,0254-99-2015,37.731861,139.392868,住所(概略),阿賀町,
下越,阿賀町,,三川温泉 にゅーゆもと,—,新潟県東蒲原郡阿賀町五十沢2249,,37.731861,139.392868,住所(概略),阿賀町,
下越,阿賀町,,中ノ沢渓谷 裏五頭山荘,山小屋/山荘※,新潟県東蒲原郡阿賀町中ノ沢1187,0254-99-2833,37.768551,139.366211,住所,阿賀町,
下越,阿賀町,,新三川温泉 旅館まるに,旅館※,新潟県東蒲原郡阿賀町五十沢37,0254-99-2880,37.731861,139.392868,住所(概略),阿賀町,
下越,新発田市,,割烹・旅館 庭山,旅館※,新発田市石喜169,0254-25-2028,37.936077,139.381973,住所,新発田市,
下越,新発田市,,割烹の宿 より路,旅館※,新発田市藤塚浜3585-182,0254-41-4311,38.036747,139.298737,住所,新発田市,
下越,新発田市,,民宿 かみさいや,民宿※,,0254-41-2593,,,未取得,新発田市,
下越,新発田市,,民宿 松原館,民宿※,,0254-41-2768,,,未取得,新発田市,
下越,新発田市,,Inn皆川ReservationDesk,—,新発田市大手町1-6-21,0254-22-2329,37.949940,139.322937,住所(概略),新発田市,
下越,新発田市,,ホテル丸井・丸井旅館,ホテル※,新発田市諏訪町2-1-9,0254-26-1205,37.945446,139.331131,住所,新発田市,
下越,新発田市,,ホテルルートイン新発田インター,ホテル†,新発田市舟入町3-3-12,0254-20-3355,37.960063,139.305581,施設,新発田市,way/584425078
下越,新発田市,,新発田第一ホテル,ホテル†,新発田市諏訪町1-2-3,0254-26-7333,37.944202,139.333865,施設,新発田市,node/925436040
下越,新発田市,,竹内旅館,ホテル†,新発田市諏訪町1-2-1,0254-22-2465,37.944223,139.334219,施設,新発田市,node/943120552
中越,津南町,,ニュー・グリーンピア津南,ホテル,新潟県中魚沼郡津南町秋成12300,025-765-4611,36.944771,138.670731,住所(概略),津南町観光協会,
中越,津南町,,花とほたる湯の里 雪国,旅館,新潟県中魚沼郡津南町大字外丸丁2274,025-765-3359,37.030327,138.638916,住所(概略),津南町観光協会,
中越,津南町,,農家民宿レストラン「ひがし」,農家民宿,新潟県中魚沼郡津南町上郷宮野原4691-4,025-755-5313,36.959049,138.594101,住所,津南町観光協会,
中越,津南町,,農家民宿サンベリー,農家民宿,新潟県中魚沼郡津南町中深見丁114-2,025-765-3403,36.978489,138.698502,住所,津南町観光協会,
中越,津南町,,無印良品津南キャンプ場,キャンプ場/RVパーク※,新潟県中魚沼郡津南町上郷寺石丙782,025-766-2860,37.010101,138.587051,住所,津南町観光協会,
中越,津南町,,秋山郷 萌木の里,ホテル†,新潟県中魚沼郡津南町結東子984-9,025-767-2000,36.915620,138.634373,施設,津南町観光協会,way/641127029
下越,村上市,笹川流れ,石川屋,民宿,,,38.117801,139.450671,施設(検索),笹川流れ民宿組合,
下越,村上市,笹川流れ,藤三郎,民宿,,,38.386190,139.458370,施設,笹川流れ民宿組合,node/6053928037
下越,村上市,笹川流れ,かねます,民宿,,,38.377375,139.459191,施設,笹川流れ民宿組合,node/6053928034
下越,村上市,笹川流れ,うちやま,民宿,,,38.376227,139.458698,施設,笹川流れ民宿組合,node/6053928033
下越,村上市,笹川流れ,海楽,民宿,,,38.370595,139.455709,施設,笹川流れ民宿組合,node/6053928028
下越,村上市,笹川流れ,なみ司,民宿,,,,,未取得,笹川流れ民宿組合,
下越,村上市,笹川流れ,磯魚,民宿,,,38.222155,139.484611,施設(検索),笹川流れ民宿組合,
下越,新発田市,,月岡温泉 いま井,—,新潟県新発田市月岡温泉350,0254-32-3000,37.879471,139.308807,住所,楽天トラベル,
中越,湯沢町,,リブマックスリゾート越後湯沢,—,新潟県南魚沼郡湯沢町湯沢330,025-784-2610,36.937752,138.805969,住所,楽天トラベル,
上越,上越市,,天然温泉 関山の湯 スーパーホテル上越妙高駅西口,ホテル※,新潟県上越市大和5-2-11,,37.081242,138.245911,住所,楽天トラベル,
中越,長岡市,,ホテル法華クラブ新潟長岡,ホテル†,新潟県長岡市城内町1-3-2,0258-30-3151,37.446166,138.851920,施設(照合),楽天トラベル,node/5570088528
下越,新潟市西蒲区,,新潟 岩室温泉 自家源泉の宿 富士屋,旅館・宿※,新潟県新潟市西蒲区岩室温泉693,0256-82-4151,37.736015,138.837234,住所(概略),楽天トラベル,
中越,湯沢町,,越後湯沢温泉 水が織りなす越後の宿 双葉,旅館・宿※,新潟県南魚沼郡湯沢町湯沢419,025-784-3357,36.931316,138.798965,住所(概略),楽天トラベル,
中越,柏崎市,,ホテルアルファーワン柏崎,ホテル※,新潟県柏崎市駅前1-2-27,,37.364304,138.555695,住所,楽天トラベル,
下越,新潟市中央区,,ホテルクラウンヒルズ新潟 古町店(BBHホテルグループ),ホテル※,新潟県新潟市中央区東堀通り8-1429,,37.915977,139.041260,住所,楽天トラベル,
下越,新潟市中央区,,新潟シティホテル古町通り(BBHホテルグループ),ホテル※,新潟県新潟市中央区古町通8番町1430番地,,37.923840,139.045547,住所,楽天トラベル,
下越,関川村,,米と酒興と炉端の宿 高橋屋観山荘,山小屋/山荘※,新潟県岩船郡関川村湯沢228-4,,38.094425,139.604797,住所(概略),楽天トラベル,
中越,湯沢町,,三国峠温泉 御宿本陣 特室 雪月風花・月見庵 雪見庵,—,新潟県南魚沼郡湯沢町大字三国378番地,025-789-2012,36.804073,138.759995,住所(概略),楽天トラベル,
下越,新発田市,,月岡温泉 白玉の湯華鳳 別邸越の里,—,新潟県新発田市月岡温泉134,0254-32-3030,37.880417,139.314041,住所,楽天トラベル,
中越,南魚沼市,,舞子グランピング,—,新潟県南魚沼市舞子2056-108,,36.976864,138.826538,住所(概略),楽天トラベル,
中越,長岡市,,寺泊 きんぱちの湯,—,新潟県長岡市寺泊松沢町9353-621,0258-75-5888,37.635841,138.762558,住所,楽天トラベル,
中越,見附市,,ホテルルートイン見附 -中之島見附インター-,ホテル※,新潟県見附市上新田町160-1,0258-61-5585,37.540127,138.884796,住所,楽天トラベル,
中越,長岡市,,ホテルサンローラ,ホテル※,新潟県長岡市川口中山2515-4,0258-89-3000,37.269413,138.869293,住所,楽天トラベル,
中越,長岡市,,ホテルグローバルビュー長岡,ホテル※,新潟県長岡市城内町1-1-11,0258-89-8210,37.445629,138.851700,住所(概略),楽天トラベル,
下越,村上市,,瀬波 清波温泉,—,新潟県村上市瀬波温泉1-2-50,,38.221375,139.443085,住所,楽天トラベル,
中越,南魚沼市,,Tabist ホテルパラマウントin浦佐 南魚沼,ホテル※,新潟県南魚沼市浦佐796-1,025-777-5055,37.164539,138.923416,住所,楽天トラベル,
中越,小千谷市,,L-Stay小千谷,—,新潟県小千谷市千谷川1-11-21,0258-82-3000,37.315144,138.802628,住所,楽天トラベル,
上越,上越市,,Tabist 上越セントラルホテル 高田仲町,ホテル※,新潟県上越市仲町3-8-22,025-524-1131,37.110435,138.243134,住所,楽天トラベル,
中越,十日町市,,松之山温泉 Ponshu Hotel 睡夢 [suimu],ホテル※,新潟県十日町市松之山湯本60-1,025-594-7117,37.063736,138.587234,住所(概略),楽天トラベル,
中越,見附市,,草薙旅館,ホテル†,新潟県見附市本町2-17-5,0258-62-0847,37.523995,138.924906,施設,楽天トラベル,node/5714258122
中越,長岡市,,ホテルルートイン長岡駅前,ホテル※,新潟県長岡市城内町1-1-5,0258-36-2339,37.445629,138.851700,住所(概略),楽天トラベル,
下越,新潟市中央区,,東横INN新潟古町,—,新潟県新潟市中央区上大川前通7番町1168-2,025-227-1045,37.921917,139.047760,住所(概略),楽天トラベル,
中越,長岡市,,ホテルルートイン長岡インター,ホテル※,新潟県長岡市堺東町85,0258-20-5921,37.455593,138.813126,住所,楽天トラベル,
中越,三条市,,Snow Peak FIELD SUITE SPA HEADQUARTERS,—,新潟県三条市中野原456-1,0256-46-5650,37.550587,139.047424,住所(概略),楽天トラベル,
下越,胎内市,,中条グランドホテル,ホテル※,新潟県胎内市東本町25-50,0254-43-6060,38.058994,139.405869,住所,楽天トラベル,
中越,長岡市,,越後・長岡/花みずき温泉 旬食・ゆ処・宿 喜芳,—,新潟県長岡市上岩井6964,0258-42-4126,37.492432,138.786987,住所,楽天トラベル,
中越,長岡市,,寺泊野積海岸温泉 やすらぎの宿 夕華(ゆうはな),旅館・宿※,新潟県長岡市寺泊野積11630-17,0258-75-5032,37.686230,138.792831,住所(概略),楽天トラベル,
中越,三条市,,越後長野温泉 妙湶和樂 嵐渓荘,旅館・宿※,新潟県三条市長野1450,,37.531490,139.121094,住所(概略),楽天トラベル,
中越,湯沢町,,越後湯沢温泉ガーデンタワーホテル YRAXリゾート,ホテル※,新潟県南魚沼郡湯沢町湯沢2117-9,,36.931316,138.798965,住所(概略),楽天トラベル,
上越,妙高市,,ホテルサットイン新井,ホテル※,新潟県妙高市柳井田町4-11-18,0255-70-6000,37.058056,138.260040,住所,楽天トラベル,
中越,弥彦村,,わんこと泊まる宿 弥彦の奥湯 上州苑,—,新潟県西蒲原郡弥彦村観音寺494,0256-94-2114,37.693153,138.819229,住所(概略),楽天トラベル,
中越,長岡市,,アクアーレ長岡,—,新潟県長岡市新陽2-5-1,,37.428600,138.753708,住所,楽天トラベル,
下越,村上市,,瀬波温泉 ゆ処そば処 磐舟,—,新潟県村上市瀬波温泉3-2-30,0254-50-7488,38.212326,139.436523,住所,楽天トラベル,
下越,新潟市中央区,,東横INN新潟駅前,—,新潟県新潟市中央区花園1-2-2ガレッソ4F,025-241-1045,37.913258,139.061905,住所(概略),楽天トラベル,
中越,湯沢町,,ゆとりろ越後湯沢,—,新潟県南魚沼郡湯沢町土樽414,,36.887478,138.866882,住所(概略),楽天トラベル,
下越,関川村,,雲母温泉 高台の宿 寿荘,旅館・宿※,新潟県岩船郡関川村大字上関669,0254-64-1130,38.082027,139.574524,住所(概略),楽天トラベル,
上越,妙高市,,ホテルルートイン妙高新井,ホテル※,新潟県妙高市高柳1丁目4-8,0255-72-1115,37.032547,138.260422,住所,楽天トラベル,
上越,糸魚川市,,民宿 藤よし,民宿※,新潟県糸魚川市寺町2-1-19,025-552-8401,37.046513,137.864395,住所,楽天トラベル,
下越,新潟市南区,,新潟市アグリパーク,—,新潟県新潟市南区東笠巻新田3044,025-378-3109,37.816303,139.041519,住所(概略),楽天トラベル,
中越,長岡市,,ゲストハウス長岡街宿,ゲストハウス/ホステル※,新潟県長岡市城内町2-5-3 桶熊ビル2F・5F,0258-89-6737,37.449085,138.852097,住所,楽天トラベル,
上越,妙高市,,HOTEL SOBOKU,ホテル※,新潟県妙高市長森1555-1,0255-77-4556,37.021706,138.227280,住所,楽天トラベル,
下越,阿賀野市,,スワンレイク五十嵐邸ガーデン 新潟阿賀野リゾート(スノーピークグランピング),—,新潟県阿賀野市金屋340-5,0250-63-2100,37.829403,139.262146,住所,楽天トラベル,
中越,南魚沼市,,かわら崎 湯元館,旅館・宿※,新潟県南魚沼市六日町272,025-772-2438,37.063946,138.871094,住所,楽天トラベル,
中越,南魚沼市,,雪の雫,—,新潟県南魚沼市石打1948-1,,36.980503,138.799179,住所,楽天トラベル,
中越,魚沼市,,友家ホテル TOMOYA HOTEL,ホテル※,新潟県魚沼市大湯温泉282,,37.194149,139.080185,住所(概略),楽天トラベル,
中越,柏崎市,,ホテルルートインコート柏崎,ホテル※,新潟県柏崎市日吉町2-56,0257-21-1313,37.366604,138.572372,住所,楽天トラベル,
下越,五泉市,,ガーデンホテル マリエール,ホテル※,新潟県五泉市赤海1074-1,0250-42-1212,37.745033,139.195099,住所,楽天トラベル,
上越,妙高市,,秘湯 花文(旧燕温泉 ホテル花文),ホテル※,新潟県妙高市関山6087,0255-82-3136,36.901352,138.161942,住所(概略),楽天トラベル,
下越,村上市,,瀬波温泉 自家源泉の野天風呂 湯元 龍泉,—,新潟県村上市瀬波温泉2-2-25,,38.215126,139.443787,住所,楽天トラベル,
下越,阿賀野市,,ホテルグリーン安田,ホテル※,新潟県阿賀野市保田827-1,,37.769493,139.225571,住所,楽天トラベル,
上越,妙高市,,赤倉温泉 ホテル無門,ホテル※,新潟県妙高市赤倉93-4,,36.894802,138.180817,住所(概略),楽天トラベル,
中越,南魚沼市,,あざみ亭,旅館・宿※,新潟県南魚沼市石打854-1,,36.969105,138.803482,住所(概略),楽天トラベル,
中越,湯沢町,,パーパスリゾート 越後湯沢「蔵」,—,新潟県南魚沼郡湯沢町湯沢292-13,025-775-7462,36.939896,138.807999,住所(概略),楽天トラベル,
中越,長岡市,,越路の食の宿 西谷温泉 中盛館,旅館・宿※,新潟県長岡市西谷480,,37.361736,138.720886,住所(概略),楽天トラベル,
中越,南魚沼市,,田中屋旅館,旅館※,新潟県南魚沼市関58-3,025-783-2044,36.986713,138.804871,住所,楽天トラベル,
中越,南魚沼市,,ハツカ石温泉 石打ユングパルナス,—,新潟県南魚沼市石打土堂946,025-783-7888,36.969105,138.803482,住所(概略),楽天トラベル,
下越,新潟市中央区,,bnb+新潟BOOK INN,—,新潟県新潟市中央区弁天3-1-21 菊地第一ビル4F,025-250-0877,37.912552,139.058655,住所(概略),楽天トラベル,
中越,長岡市,,VILLA VOIX(ヴィラ ヴォワ),貸別荘/コテージ※,新潟県長岡市寺泊上田町9773-21,0238-27-1203,37.647018,138.766571,住所,楽天トラベル,
上越,上越市,,旅荘 みなと荘,旅館・宿※,新潟県上越市港町1-17-6,025-543-1150,37.181370,138.250824,住所,楽天トラベル,
上越,妙高市,,ゆの宿望月(旧赤倉パークホテル),ホテル※,新潟県妙高市赤倉132,0255-87-2221,36.894802,138.180817,住所(概略),楽天トラベル,
下越,村上市,,瀬波温泉 木もれびの宿 ゆのか,旅館・宿※,新潟県村上市瀬波温泉2-4-17,0254-75-5777,38.216312,139.444366,住所,楽天トラベル,
中越,南魚沼市,,ペットと泊まれる宿 ヒルサイド イン センタークラブ,—,新潟県南魚沼市宮野下1200,,37.006073,138.804474,住所(概略),楽天トラベル,
中越,湯沢町,,コンドミニアムホテル 苗場WEST・貸切コテージ,貸別荘/コテージ※,新潟県南魚沼郡湯沢町三国378,025-789-2012,36.804073,138.759995,住所(概略),楽天トラベル,
中越,魚沼市,,越後・奥只見郷 神湯温泉倶楽部,—,新潟県魚沼市清本583番地,,37.286514,138.995682,住所(概略),楽天トラベル,
下越,新発田市,,一棟貸しの宿喜八,貸別荘/コテージ※,新潟県新発田市本町1-2-5,090-5808-4882,37.945965,139.333084,住所,楽天トラベル,
上越,上越市,,町宿 Oranchi,—,新潟県[レキシ]上越市中郷区板橋174,,37.902451,139.023239,住所(概略),楽天トラベル,
下越,新潟市北区,,I ECO III(アイエコスリー),—,新潟県新潟市北区葛塚3373,025-386-7095,37.913147,139.212830,住所(概略),楽天トラベル,
上越,上越市,,働く人の宿 あいかわ 直江津港店,旅館・宿※,新潟県上越市港町1-1-11,025-520-4015,37.179642,138.250458,住所,楽天トラベル,
中越,柏崎市,,ペンション クラウドナイン 番神店,ペンション※,新潟県柏崎市番神2-10-33,0257-23-2826,37.365112,138.528839,住所(概略),楽天トラベル,
中越,湯沢町,,サンダンス・リゾート苗場,—,新潟県南魚沼郡湯沢町大字三国469,025-789-5051,36.804073,138.759995,住所(概略),楽天トラベル,
上越,妙高市,,旅館 一冨久,旅館※,新潟県妙高市関川774-9,0255-86-2929,36.868755,138.202087,住所,楽天トラベル,
中越,柏崎市,,みなと茶屋(マリンハウスみなと),—,新潟県柏崎市番神2-10-33,,37.365112,138.528839,住所(概略),楽天トラベル,
中越,南魚沼市,,ロッヂ ヤングメイト,ロッジ※,新潟県南魚沼市舞子2056-92,,36.976864,138.826538,住所(概略),楽天トラベル,
中越,湯沢町,,リブマックスリゾート越後湯沢 ANNEX,—,新潟県南魚沼郡湯沢町大字湯沢388-3,025-784-2610,36.931316,138.798965,住所(概略),楽天トラベル,
中越,長岡市,,HOTEL S.H.S,ホテル※,新潟県長岡市高畑町660,,37.419197,138.863937,住所(概略),楽天トラベル,
中越,柏崎市,,Tabist 小竹屋旅館 柏崎,旅館※,新潟県柏崎市鯨波2-3-6,0257-23-6450,37.356258,138.516464,住所(概略),楽天トラベル,
中越,長岡市,,越路ていしゃば交流施設ここらて,—,新潟県長岡市来迎寺甲2602-2,0258-86-5208,37.384949,138.776688,住所,楽天トラベル,
上越,妙高市,,妙高高原 ペンション山三,ペンション※,新潟県妙高市田口1452-12,0255-87-2620,36.879608,138.198166,住所(概略),楽天トラベル,
中越,南魚沼市,,ペンション オズ,ペンション※,新潟県南魚沼市石打834,025-783-6021,36.965889,138.799240,住所(概略),楽天トラベル,
中越,南魚沼市,,グリーンビレッジたかはし,—,新潟県南魚沼市樺野沢68-2,025-782-1482,37.027863,138.826340,住所(概略),楽天トラベル,
中越,長岡市,,NEMARU ほんとぐらし,—,新潟県長岡市与板町与板甲170,080-5850-3093,37.542118,138.808228,住所,楽天トラベル,
中越,津南町,,秋山郷結東温泉かたくりの宿,旅館・宿※,新潟県中魚沼郡津南町結東450-1,025-761-5205,36.925655,138.626266,住所,楽天トラベル,
中越,柏崎市,,ファミリー旅館 「海月荘」,ホテル†,新潟県柏崎市鯨波3-10-22,,37.352947,138.507837,施設(照合),楽天トラベル,node/11722108459
上越,上越市,,明治庵 本館,旅館・宿※,新潟県上越市大潟区雁子浜323-7,025-534-2156,37.240753,138.342926,住所(概略),楽天トラベル,
中越,南魚沼市,,六日町ヒュッテ,山小屋/山荘※,新潟県南魚沼市小栗山90-4,025-788-0076,37.067329,138.840027,住所,楽天トラベル,
中越,南魚沼市,,スポーツプラザ白樺,—,新潟県南魚沼市石打855-2,025-783-2792,36.964371,138.800217,住所(概略),楽天トラベル,
中越,南魚沼市,,アンティーズハウス,—,新潟県南魚沼市石打972-2,025-783-3442,36.965889,138.799240,住所(概略),楽天トラベル,
下越,新発田市,,ハミングの宿,旅館・宿※,新潟県新発田市月岡温泉530,0254-28-7220,37.881218,139.310730,住所,楽天トラベル,
上越,上越市,,明治庵 別館,旅館・宿※,新潟県上越市大潟区雁子浜323-7,025-534-2156,37.240753,138.342926,住所(概略),楽天トラベル,
下越,新潟市西蒲区,,Winerystay TRAVIGNE,—,新潟県新潟市西蒲区角田浜1661,,37.803284,138.845810,住所,楽天トラベル,
中越,湯沢町,,ペンション レ・シャモア,ペンション※,新潟県南魚沼郡湯沢町三俣745,025-788-9331,36.890316,138.761673,住所(概略),楽天トラベル,
中越,湯沢町,,駅本ビル,—,新潟県南魚沼郡湯沢町湯沢1-1-4,025-788-1789,36.936832,138.811142,住所,楽天トラベル,
上越,上越市,,キューピットバレイ,—,新潟県上越市安塚区須川4820,025-593-2041,37.048077,138.489380,住所(概略),楽天トラベル,
中越,南魚沼市,,アルミュール,—,新潟県南魚沼市石打834-28,025-783-4881,36.965889,138.799240,住所(概略),楽天トラベル,
中越,南魚沼市,,ロッヂ ハヤシ,ロッジ※,新潟県南魚沼市樺野沢230-4,025-782-0492,37.026756,138.830582,住所(概略),楽天トラベル,
中越,南魚沼市,,中新旅館,旅館※,新潟県南魚沼市石打91,025-783-2070,36.969105,138.803482,住所(概略),楽天トラベル,
中越,湯沢町,,越後湯沢温泉 三徳屋(みのりや),—,新潟県南魚沼郡湯沢町湯沢551-1,025-784-2180,36.931316,138.798965,住所(概略),楽天トラベル,
下越,村上市,,温泉民宿 きくもと,民宿※,新潟県村上市瀬波温泉2-9-21,0254-52-2739,38.215733,139.439117,住所,楽天トラベル,
上越,妙高市,,プチハウス ふぉ〜ゆ〜,—,新潟県妙高市田口1438-1,,36.879608,138.198166,住所(概略),楽天トラベル,
中越,十日町市,,YADOYA(宿屋) ^,—,新潟県十日町市新座甲398-20,,37.142502,138.764435,住所,楽天トラベル,
中越,見附市,,ホテル つるや,ホテル※,新潟県見附市本町4-3-19,,37.530609,138.925156,住所,楽天トラベル,
中越,南魚沼市,,源泉掛け流し露天風呂付き貸切り古民家 じょんのび縁/民泊,民泊※,新潟県南魚沼市余川2681-8 じょんのび縁,080-8809-2120,37.077278,138.871658,住所,楽天トラベル,
中越,南魚沼市,,ベルビューニシウラ,—,新潟県南魚沼市石打1618-1,025-783-2966,36.975594,138.801590,住所(概略),楽天トラベル,
中越,長岡市,,海が見えるコテージ&キャンプ,貸別荘/コテージ※,新潟県長岡市寺泊野積3260,070-2813-6705,37.686230,138.792831,住所(概略),楽天トラベル,
中越,南魚沼市,,和風いん越路,—,新潟県南魚沼市姥島新田840-1,,36.989540,138.821732,住所,楽天トラベル,
下越,五泉市,,SET10宿,旅館・宿※,新潟県五泉市矢津30-2,080-1904-1901,37.680908,139.205902,住所,楽天トラベル,
中越,湯沢町,,苗場ふじや,—,新潟県南魚沼郡湯沢町三国125,025-789-2037,36.804073,138.759995,住所(概略),楽天トラベル,
中越,南魚沼市,,双子キャビン,—,新潟県南魚沼市塩沢2104-44,025-788-0455,37.050259,138.830215,住所(概略),楽天トラベル,
上越,上越市,,鷹羽鉱泉,—,新潟県上越市牧区宇津俣1512-5,070-1346-0166,37.027649,138.449203,住所(概略),楽天トラベル,
中越,南魚沼市,,ツインタワー石打/民泊,民泊※,新潟県南魚沼市石打986-2ツインタワー石打A804.A902.A915.B306.B805.B928.B1216.B1904TwinTowerIshiuchi,025-783-5166,36.965889,138.799240,住所(概略),楽天トラベル,
中越,南魚沼市,,ミストラル,—,新潟県南魚沼市石打1659,,36.979969,138.803497,住所(概略),楽天トラベル,
中越,南魚沼市,,五右衛門旅館,旅館※,新潟県南魚沼市姥島新田388-2,025-783-2762,36.993923,138.823608,住所,楽天トラベル,
中越,湯沢町,,苗場ウッドインだいまる,—,新潟県南魚沼郡湯沢町大字三国230-1,025-788-0894,36.804073,138.759995,住所(概略),楽天トラベル,
上越,妙高市,,greenbell,—,新潟県妙高市田口1451-7,000-000-0000,36.879608,138.198166,住所(概略),楽天トラベル,
中越,十日町市,,天空の露天風呂 よもぎHouse ^,—,新潟県十日町市蓬平字十二林149 天空の露天風呂 よもぎHouse,090-2557-8977,37.154247,138.608368,住所(概略),楽天トラベル,
下越,五泉市,,かじや旅館,旅館※,新潟県五泉市駅前1-1-3,0250-42-3024,37.735096,139.179703,住所,楽天トラベル,
下越,阿賀町,,AKIYATO 奥阿賀七名庵 らくら,—,新潟県東蒲原郡阿賀町七名乙2621,03-6265-3028,37.547157,139.529465,住所(概略),楽天トラベル,
上越,妙高市,,大滝温泉 山村体験交流施設「大滝荘」,—,新潟県妙高市上小沢357-2,0255-75-3230,36.975842,138.335938,住所,楽天トラベル,
中越,十日町市,,「さくらハウス」十日町駅から徒歩1分の1棟貸しの宿 ^,旅館・宿※,新潟県十日町市稲荷町3-南5-1 うめハウス,090-2761-3041,37.139835,138.753052,住所,楽天トラベル,
中越,湯沢町,,王子ペンション 苗場,ペンション※,新潟県南魚沼郡湯沢町三国184,090-9640-4556,36.804073,138.759995,住所(概略),楽天トラベル,
中越,湯沢町,,舘ーYAKATAー ^,—,新潟県南魚沼郡湯沢町湯沢552-8,,36.941433,138.805252,住所(概略),楽天トラベル,
下越,新潟市中央区,,Guest House Bostons/民泊,ホテル†,新潟県新潟市中央区東大畑通2番町467-1,,37.925845,139.042808,施設(照合),楽天トラベル,node/13754067814
中越,魚沼市,,新潟県ホテル仕様の民泊施設ドリーム/民泊,民泊※,新潟県魚沼市須原1290-1,0257-93-7442,37.317101,139.018784,住所(概略),楽天トラベル,
下越,新潟市中央区,,ワンランク上の滞在を!〜Harbour Inn & Suites〜 ホテル・スイート仕様/民泊,ホテル†,新潟県新潟市中央区湊町通1ノ町2607 Harbour Inn & Suites,090-4548-4388,37.927574,139.051308,施設(照合),楽天トラベル,node/13807633352
下越,村上市,,いろむすびの宿,旅館・宿※,新潟県村上市佐々木808-23,0254-62-7147,38.124790,139.460236,住所,楽天トラベル,
中越,南魚沼市,,魚沼産コシヒカリの宿 クラウンハイツ,旅館・宿※,新潟県南魚沼市塩沢2104-1 シャトー塩沢一本杉スキー場内,025-782-0750,37.050259,138.830215,住所(概略),楽天トラベル,
中越,南魚沼市,,HOTEL1800 ^,ホテル※,新潟県南魚沼市石打1580-1 HOTEL1800,000-000-0000,36.975594,138.801590,住所(概略),楽天トラベル,
中越,見附市,,藤屋旅館,旅館※,新潟県見附市本所2-4-34,0258-62-0425,37.539989,138.905472,住所,楽天トラベル,
中越,南魚沼市,,BIRD LAND,—,新潟県南魚沼市石打1695-6,025-783-3137,36.980743,138.802902,住所,楽天トラベル,
下越,村上市,,タウンホテル村上,ホテル※,新潟県村上市田端町3-41,0254-52-2010,38.220303,139.467636,住所,楽天トラベル,
下越,村上市,,朝日みどりの里 ほんわ館,旅館・宿※,新潟県村上市猿沢1293,,38.282295,139.520935,住所,楽天トラベル,
中越,見附市,,小さなお宿 早川屋,旅館・宿※,新潟県見附市学校町2-8-15,,37.535252,138.916595,住所(概略),楽天トラベル,
上越,妙高市,,町宿Oranchi キセツ,—,新潟県妙高市関川982-8,070-9336-9619,36.864346,138.199707,住所,楽天トラベル,
下越,新潟市中央区,,Harbour Inn & Suites 202/民泊,民泊※,新潟県新潟市中央区湊町通1ノ町2607 ハーバーシティテラス 202,090-4548-4388,37.927612,139.051041,住所,楽天トラベル,
中越,湯沢町,,平標茶屋,旅館・宿※,新潟県南魚沼郡湯沢町三国999-10,,36.804073,138.759995,住所(概略),楽天トラベル,
上越,妙高市,,赤倉温泉 ペンション あっとHOME,ペンション※,新潟県妙高市二俣1526-306,,36.890591,138.185287,住所(概略),楽天トラベル,
上越,上越市,,鈴木旅館,旅館※,新潟県上越市仲町3-1-7,025-520-5202,37.112324,138.242996,住所,楽天トラベル,
中越,湯沢町,,THE HOTEL YUZAWA PARADISO/民泊,民泊※,新潟県南魚沼郡湯沢町湯沢367-11 湯沢戸建,000-000-0000,36.939896,138.807999,住所(概略),楽天トラベル,
中越,南魚沼市,,ペンションあぷりこっと,ペンション※,新潟県南魚沼市姥島新田890-2,025-783-3848,36.987770,138.825256,住所(概略),楽天トラベル,
中越,南魚沼市,,ペンション くまのひるね,ペンション※,新潟県南魚沼市姥島新田883-3,025-783-4479,36.987770,138.825256,住所(概略),楽天トラベル,
中越,十日町市,,AMAMIZUSHIMA HILLS 天水島ヒルズ/民泊,民泊※,新潟県十日町市松之山天水島575-4 天水島ヒルズ,090-3231-8088,37.051701,138.604919,住所,楽天トラベル,
中越,南魚沼市,,ホテル綿ぼうし,ホテル※,新潟県南魚沼市宮野下1200-49,,37.006073,138.804474,住所(概略),楽天トラベル,
上越,上越市,,目的を忘れ漂うなステイを。アートに泊まるヴィラ/民泊,民泊※,新潟県上越市大手町6-11,090-6718-3401,37.108162,138.247910,住所,楽天トラベル,
中越,南魚沼市,,ホテルnozomi ^,ホテル※,新潟県南魚沼市石打1679 nozomi,080-3255-4888,36.979969,138.803497,住所(概略),楽天トラベル,
中越,柏崎市,,sora umi tovila ^,—,新潟県柏崎市西山町大崎148-15,080-5943-9024,37.494556,138.654541,住所,楽天トラベル,
中越,湯沢町,,THE HOTEL YUZAWA STARDUST/民泊,民泊※,新潟県南魚沼郡湯沢町湯沢771-2 シーハイル,000-000-0000,36.944065,138.795273,住所(概略),楽天トラベル,
上越,妙高市,,MAHORA西野谷 一棟貸し古民家宿|新潟県妙高,貸別荘/コテージ※,新潟県妙高市西野谷54,0255-772-524,37.017303,138.187180,住所,楽天トラベル,
中越,湯沢町,,有馬屋 ^,—,新潟県南魚沼郡湯沢町三俣1070 Arimaya,090-5580-8410,36.890316,138.761673,住所(概略),楽天トラベル,
中越,湯沢町,,旅館ゆざわ ^,旅館※,新潟県南魚沼郡湯沢町湯沢680-32 Ryokan Yuzawa,090-5580-8410,36.942036,138.802826,住所(概略),楽天トラベル,
中越,湯沢町,,こいずみや ^,—,新潟県南魚沼郡湯沢町湯沢680-33 Koizumiya,090-5580-8410,36.942036,138.802826,住所(概略),楽天トラベル,
中越,湯沢町,,合宿に!スキーイン、スタジオ、業務用キッチン、薪ストーブ、ビリヤード、一頭貸温泉付ホテル ^,ホテル※,新潟県南魚沼郡湯沢町湯沢680-30 TRAX NUNOBA,090-1855-3516,36.942036,138.802826,住所(概略),楽天トラベル,
下越,阿賀町,,奥阿賀ととのいの宿VILLA IGASHIMA,旅館・宿※,新潟県東蒲原郡阿賀町五十島844,0250-47-4174,37.683197,139.332275,住所,楽天トラベル,
中越,長岡市,,SunSet Star Villa,貸別荘/コテージ※,新潟県長岡市寺泊郷本字切石93ー子,0258-84-7121,37.607502,138.751099,住所(概略),楽天トラベル,
中越,南魚沼市,,ホテルニュー福田屋,ホテル※,新潟県南魚沼市石打1637,,36.978146,138.800156,住所(概略),楽天トラベル,
中越,南魚沼市,,MAIKO ロッヂ やすえもん,ロッジ※,新潟県南魚沼市姥島601,025-783-2316,36.990826,138.820602,住所(概略),楽天トラベル,
中越,湯沢町,,越後湯沢で最初のペンション ゲストハウス・バンヌッフ,ゲストハウス/ホステル※,新潟県南魚沼郡湯沢町土樽1041-1,,36.923603,138.847855,住所(概略),楽天トラベル,
中越,南魚沼市,,リゾートインのぐち,—,新潟県南魚沼市吉里1108,,37.050392,138.841553,住所(概略),楽天トラベル,
中越,南魚沼市,,石打ペンション ブルージュ,ホテル†,新潟県南魚沼市石打2037,+81257833667,36.982905,138.798251,施設(照合),楽天トラベル,way/1449575807
下越,阿賀野市,,かにと日本海の幸 弓月,—,新潟県阿賀野市出湯温泉761,0250-62-3665,37.813046,139.310822,住所,楽天トラベル,
中越,南魚沼市,,ホテル エルム石打,ホテル※,新潟県南魚沼市石打1938,025-783-2893,36.978146,138.800156,住所(概略),楽天トラベル,
上越,妙高市,,源泉100%かけ流し 旅館 吉野屋,旅館※,新潟県妙高市関山6087-14,0255-82-2315,36.901352,138.161942,住所(概略),楽天トラベル,
上越,妙高市,,源泉100%の天然かけ流し温泉 山の湯 せきぜん,—,新潟県妙高市関山6087-24,,36.901352,138.161942,住所(概略),楽天トラベル,
中越,南魚沼市,,舞子・ロッヂどん,ロッジ※,新潟県南魚沼市舞子1819-461,025-783-2380,36.986843,138.829269,住所,楽天トラベル,
中越,南魚沼市,,ロッヂ とんや,ロッジ※,新潟県南魚沼市舞子2056-94,025-783-2217,36.976864,138.826538,住所(概略),楽天トラベル,
中越,南魚沼市,,ほりでーいん・こばやし,—,新潟県南魚沼市姥島新田639-1,025-783-2323,36.990616,138.820694,住所,楽天トラベル,
中越,湯沢町,,旅館・食堂 ふるさと,旅館※,新潟県南魚沼郡湯沢町湯沢土樽5139-1,,36.944065,138.795273,住所(概略),楽天トラベル,
中越,南魚沼市,,シャトーテル 一本杉,—,新潟県南魚沼市塩沢2071,025-782-1191,37.050472,138.824432,住所,楽天トラベル,
中越,長岡市,,HOTEL&OFFICE 崇徳館(そうとくかん),ホテル※,新潟県長岡市殿町2-3-9,0258-32-0106,37.445293,138.850082,住所,楽天トラベル,
中越,南魚沼市,,ホワイトハウス マスエン,—,新潟県南魚沼市石打1626-1,025-783-2440,36.978146,138.800156,住所(概略),楽天トラベル,
中越,湯沢町,,私の家 中屋,旅館・宿※,新潟県南魚沼郡湯沢町中里5804,025-787-3037,36.933987,138.817474,住所(概略),楽天トラベル,
中越,南魚沼市,,石打ワンダースリー,—,新潟県南魚沼市石打88,025-783-2253,36.980412,138.805328,住所,楽天トラベル,
上越,妙高市,,金型あかくら荘,旅館・宿※,新潟県妙高市赤倉585-22,0255-87-3771,36.891521,138.178253,住所(概略),楽天トラベル,
下越,関川村,,雲母温泉 かくれ里 清流荘,旅館・宿※,新潟県岩船郡関川村大字上関134,,38.082027,139.574524,住所(概略),楽天トラベル,
中越,南魚沼市,,上越国際スキー場 山田館,旅館・宿※,新潟県南魚沼市樺野沢14,025-782-0450,37.027836,138.822968,住所,楽天トラベル,
中越,湯沢町,,ロッヂニューひとみ,ロッジ※,新潟県南魚沼郡湯沢町三国163-1,025-789-2170,36.804073,138.759995,住所(概略),楽天トラベル,
中越,南魚沼市,,JOETSU 見晴館,旅館・宿※,新潟県南魚沼市樺野沢84,,37.031475,138.824020,住所,楽天トラベル,
中越,南魚沼市,,舞子・サンロード イン うばしま,—,新潟県南魚沼市姥島667,025-783-2152,36.990826,138.820602,住所(概略),楽天トラベル,
中越,南魚沼市,,上越国際スキー場 村上館,旅館・宿※,新潟県南魚沼市樺野沢4,025-782-0449,37.026054,138.825760,住所(概略),楽天トラベル,
中越,南魚沼市,,エコーロッヂ,ホテル†,新潟県南魚沼市石打1929-1,025-783-3209,36.982095,138.799363,施設,楽天トラベル,way/1449575810
中越,柏崎市,,旅館 高岡屋,旅館※,新潟県柏崎市鯨波2-3-19,,37.356304,138.517242,住所,楽天トラベル,
下越,村上市,,民宿 ことぶき,民宿※,新潟県村上市瀬波温泉2-8-24,0254-52-2616,38.215424,139.439026,住所,楽天トラベル,
中越,湯沢町,,高波ヒュッテ,山小屋/山荘※,新潟県南魚沼郡湯沢町土樽3543-21,025-787-3268,36.900043,138.843369,住所,楽天トラベル,
下越,粟島浦村,,民宿 新平,民宿※,新潟県岩船郡粟島浦村114,0254-55-2435,38.468304,139.254410,住所(概略),楽天トラベル,
中越,南魚沼市,,舞子・ロッヂウィンターポイント,ロッジ※,新潟県南魚沼市姥島新田591,025-783-2757,36.987770,138.825256,住所(概略),楽天トラベル,
中越,湯沢町,,ペンション たまはうす,ペンション※,新潟県南魚沼郡湯沢町大字土樽3180番地,025-787-3880,36.906952,138.837723,住所,楽天トラベル,
中越,湯沢町,,ペンション “菰”コモ,ペンション※,新潟県南魚沼郡湯沢町土樽984-45,,36.920486,138.847748,住所(概略),楽天トラベル,
中越,湯沢町,,にしのや,—,新潟県南魚沼郡湯沢町土樽5113,025-787-3174,36.910275,138.846359,住所(概略),楽天トラベル,
中越,南魚沼市,,プチハウス ひろみ,—,新潟県南魚沼市樺野沢59,090-8850-5545,37.027863,138.826340,住所(概略),楽天トラベル,
下越,阿賀野市,,旅館 グリーン会館,旅館※,新潟県阿賀野市保田829-1,0250-68-2102,37.777313,139.229935,住所,楽天トラベル,
中越,南魚沼市,,龍氣 別館,旅館・宿※,新潟県南魚沼市余川2708-8,025-773-2990,37.073227,138.868317,住所,楽天トラベル,
上越,妙高市,,おやど山恵,—,新潟県妙高市関川2306-1,0255-86-2478,36.865856,138.190018,住所,楽天トラベル,
上越,妙高市,,アルペンブリックガーデン,—,新潟県妙高市関川2413-11,,36.875156,138.164368,住所,楽天トラベル,
中越,湯沢町,,ロッヂ キクノヤ,ロッジ※,新潟県南魚沼郡湯沢町土樽731,025-787-3049,36.941231,138.843369,住所(概略),楽天トラベル,
中越,南魚沼市,,エスプリホテル,ホテル※,新潟県南魚沼市石打837-2,,36.969105,138.803482,住所(概略),楽天トラベル,
中越,小千谷市,,古民家民宿 おっこの木,民宿※,新潟県小千谷市真人町戊2518,0258-86-7998,37.240639,138.755798,住所,楽天トラベル,
中越,南魚沼市,,外谷旅館,旅館※,新潟県南魚沼市姥島新田569,025-783-2150,36.989868,138.823807,住所(概略),楽天トラベル,
中越,小千谷市,,小千谷ふるさとの丘ユースホステル,ゲストハウス/ホステル※,新潟県小千谷市小栗山2063,0258-59-2951,37.336655,138.851440,住所,楽天トラベル,
中越,南魚沼市,,八海山麓サイクリングターミナル,—,新潟県南魚沼市荒金70,025-779-3230,37.153618,138.975739,住所,楽天トラベル,
中越,湯沢町,,越後湯沢温泉 湯沢ホテル,ホテル※,新潟県南魚沼郡湯沢町388-3,025-784-2044,36.933987,138.817474,住所(概略),楽天トラベル,
下越,阿賀野市,,花時計,—,新潟県阿賀野市村杉4510-10,0250-62-2317,37.799847,139.286102,住所(概略),楽天トラベル,
中越,湯沢町,,こまくさ,—,新潟県南魚沼郡湯沢町土樽4770,025-787-3264,36.903587,138.847794,住所(概略),楽天トラベル,
中越,湯沢町,,和風ペンション苗場,ペンション※,新潟県南魚沼郡湯沢町三国245-3,025-775-7920,36.804073,138.759995,住所(概略),楽天トラベル,
下越,関川村,,高瀬温泉 かじかの宿 和らぎ荘,旅館・宿※,新潟県岩船郡関川村湯沢393,,38.094425,139.604797,住所(概略),楽天トラベル,
上越,妙高市,,ホテルシルバーホーン,ホテル※,新潟県妙高市田切218-2,0255-87-2134,36.888222,138.184128,住所(概略),楽天トラベル,
上越,妙高市,,赤倉温泉源泉掛け流し 湯の宿 美鷹,旅館・宿※,新潟県妙高市赤倉587-5,,36.896229,138.168518,住所,楽天トラベル,
中越,長岡市,,民宿旅館あだち,民宿※,新潟県長岡市寺泊郷本今町195-10,0258-75-2100,37.607502,138.751099,住所(概略),楽天トラベル,
中越,南魚沼市,,シャトーテル吉里,—,新潟県南魚沼市吉里1562,025-782-0303,37.054401,138.827286,住所,楽天トラベル,
中越,南魚沼市,,CHENDA INTERNATIONAL HOTEL ^,ホテル※,新潟県南魚沼市石打927-1,,36.969105,138.803482,住所(概略),楽天トラベル,
中越,十日町市,,民宿みらい ^,民宿※,新潟県十日町市松代2067-1 Minsyuku Mirai,090-6625-4126,37.133778,138.607941,住所(概略),楽天トラベル,
中越,長岡市,,宿 UNEHAUS,—,新潟県長岡市一之貝869,0258-86-8121,37.436604,138.958298,住所,楽天トラベル,
中越,湯沢町,,エンゼルリゾート湯沢/民泊,民泊※,新潟県南魚沼郡湯沢町土樽173-1,,36.930801,138.840286,住所(概略),楽天トラベル,
中越,長岡市,,KS☆HAUS/民泊,民泊※,新潟県長岡市北荷頃735-12,090-7288-2888,37.455837,138.978394,住所,楽天トラベル,
中越,長岡市,,闘牛と錦鯉の伝統文化に触れる家/民泊,民泊※,新潟県長岡市豊詰町219-20,000-000-0000,37.411510,138.841568,住所,楽天トラベル,
上越,妙高市,,アドレス赤倉,—,新潟県妙高市赤倉585-228,0255-77-2040,36.891521,138.178253,住所(概略),楽天トラベル,
中越,南魚沼市,,ロッヂ はやし,ロッジ※,新潟県南魚沼市姥島新田593-1,025-783-2627,36.990833,138.822739,住所,楽天トラベル,
上越,妙高市,,Myoko House,—,新潟県妙高市田口1452-13,0255-78-7629,36.879608,138.198166,住所(概略),楽天トラベル,
上越,妙高市,,Powder Recon Lodge,ロッジ※,新潟県妙高市赤倉6120,0255-77-4711,36.889748,138.180817,住所,楽天トラベル,
上越,妙高市,,ゲストハウス青空,ゲストハウス/ホステル※,新潟県妙高市大字二俣1526-363,03-6231-0330,36.890591,138.185287,住所(概略),楽天トラベル,
中越,南魚沼市,,たぬきのこづつみ ^,—,新潟県南魚沼市石打1650 kosokoso,080-4448-2673,36.978146,138.800156,住所(概略),楽天トラベル,
中越,三条市,,【一日一組限定!贅沢な貸し切り宿】車15分で三条燕IC(店名:SAKUNOYA) ^,—,新潟県三条市元町12-6 SAKUNOYA,090-5210-2608,37.631172,138.954025,住所,楽天トラベル,
中越,燕市,,アパートタイプ貸し切り宿/民泊,民泊※,新潟県燕市吉田中町6-18 松竹ビル3F,000-000-0000,37.690830,138.877869,住所,楽天トラベル,
下越,村上市,,交流の館 八幡,—,新潟県村上市勝木1099,0254-60-5050,38.489353,139.521500,住所,楽天トラベル,
下越,新潟市西蒲区,,一棟貸切りの宿 岩室久元/民泊,民泊※,新潟県新潟市西蒲区岩室温泉667-11 岩室久元,0256-78-8784,37.737312,138.837845,住所(概略),楽天トラベル,
上越,上越市,,【マンション最上階角部屋の1室を貸切】高田駅徒歩圏内、無料駐車場もあります!/民泊,民泊※,新潟県上越市本町2-2-27 ライオンズマンション高田,080-1816-9856,37.108021,138.244186,住所,楽天トラベル,
中越,湯沢町,,越後湯沢駅(西口)温泉街 徒歩3分の好立地 朝食無料・Wi-Fi・中国語対応可 ^,—,新潟県南魚沼郡湯沢町湯沢2261-3 Yuzawa house 2,070-4175-5307,36.931316,138.798965,住所(概略),楽天トラベル,
中越,十日町市,,雪原学舎,—,新潟県十日町市本屋敷丁58-1,000-000-0000,37.081409,138.689148,住所(概略),楽天トラベル,
中越,小千谷市,,HEISEI INN,—,新潟県小千谷市平成2-4-9,070-4095-1515,37.308254,138.793488,住所,楽天トラベル,
中越,湯沢町,,KAGURA Garden Camp | COVE ^,—,新潟県南魚沼郡湯沢町三俣962-1,025-788-9026,36.890316,138.761673,住所(概略),楽天トラベル,
中越,湯沢町,,HOTEL GOODDAY YUZAWA,ホテル※,新潟県南魚沼郡湯沢町土樽5113,025-788-1049,36.910275,138.846359,住所(概略),楽天トラベル,
上越,糸魚川市,,柵口温泉権現荘,旅館・宿※,新潟県糸魚川市田麦平26-1,025-568-2201,37.029247,138.079865,住所,楽天トラベル,
上越,妙高市,,Myoko Home,—,新潟県妙高市田口17-3,0255-77-2795,36.870590,138.206299,住所,楽天トラベル,
上越,妙高市,,Forest&Stars Akakura Cabin,—,新潟県妙高市二俣1526-609,0255-77-2795,36.890591,138.185287,住所(概略),楽天トラベル,
中越,湯沢町,,ロッヂ 雪ん子,ロッジ※,新潟県南魚沼郡湯沢町大字土樽537-3,080-6611-8088,36.925903,138.845352,住所,楽天トラベル,
中越,南魚沼市,,雪山ホテル,ホテル※,新潟県南魚沼市石打725-7,0257-83-7828,36.964317,138.800888,住所,楽天トラベル,
中越,湯沢町,,オーラー湯沢アパートメントホテル,ホテル※,新潟県南魚沼郡湯沢町大字湯沢390-5,080-3796-8308,36.931316,138.798965,住所(概略),楽天トラベル,
中越,柏崎市,,サウナ付き一棟貸宿 In Utero,貸別荘/コテージ※,新潟県柏崎市大字石曾根5087-2,080-5526-4834,37.265587,138.618729,住所,楽天トラベル,
下越,新発田市,,HOTEL LUNA【大人専用18禁・ハピホテ提携】,ホテル※,新潟県新発田市上中山2323,,37.877235,139.313431,住所,楽天トラベル,
上越,上越市,,HOTEL Laforet【大人専用18禁・ハピホテ提携】,ホテル※,新潟県上越市春日新田5-21-28,,37.164761,138.251465,住所,楽天トラベル,
上越,糸魚川市,,ツギハギの家/民泊,民泊※,新潟県糸魚川市木浦18785 Tsugihagi no ie,025-566-3485,37.068687,137.975388,住所(概略),楽天トラベル,
上越,糸魚川市,,暮らすの家/民泊,民泊※,新潟県糸魚川市木浦18795 Kurasu no ie,025-566-3485,37.068687,137.975388,住所(概略),楽天トラベル,
上越,妙高市,,あらい宿Loop,—,新潟県妙高市田町1-3-21,0255-77-4838,37.022308,138.253662,住所,楽天トラベル,
中越,湯沢町,,ザ・ホテル湯沢オリエンタル,ホテル※,新潟県南魚沼郡湯沢町湯沢布場674-16,03-6869-4555,36.944065,138.795273,住所(概略),楽天トラベル,
中越,湯沢町,,ロッヂ 伯楽,ロッジ※,新潟県南魚沼郡湯沢町大字土樽232,025-787-3047,36.940796,138.836182,住所(概略),楽天トラベル,
上越,妙高市,,貸別荘ログコテージ グリーンベル,貸別荘/コテージ※,新潟県妙高市東赤倉1451-7,0255-87-3839,36.942703,138.245987,住所,楽天トラベル,
中越,南魚沼市,,ロッヂ天神山荘,ロッジ※,新潟県南魚沼市石打2025-8,025-783-2493,36.979378,138.794891,住所,楽天トラベル,
中越,湯沢町,,苗場 山乃湯,—,新潟県南魚沼郡湯沢町三国171,025-789-2345,36.804073,138.759995,住所(概略),楽天トラベル,
中越,湯沢町,,ロッヂ ミホッペ ハーペ,ロッジ※,新潟県南魚沼郡湯沢町土樽315,025-787-4443,36.887478,138.866882,住所(概略),楽天トラベル,
中越,南魚沼市,,ジョイハウス アベ,—,新潟県南魚沼市樺野沢146-1,025-782-1418,37.026630,138.828613,住所,楽天トラベル,
中越,南魚沼市,,ファームハウス 東栄荘,旅館・宿※,新潟県南魚沼市樺野沢182,025-782-0453,37.026054,138.825760,住所(概略),楽天トラベル,
中越,南魚沼市,,ロッヂ コマツ,ロッジ※,新潟県南魚沼市舞子2056-81,025-783-4442,36.976864,138.826538,住所(概略),楽天トラベル,
中越,南魚沼市,,青い森こてーじ,—,新潟県南魚沼市君沢1673-47,025-783-3332,37.008888,138.804504,住所,楽天トラベル,
中越,南魚沼市,,カジュアル イン シュテム,—,新潟県南魚沼市大沢1458,025-783-4471,37.027596,138.812241,住所,楽天トラベル,
上越,妙高市,,麦笛,—,新潟県妙高市田口1422-9,0255-87-3009,36.879608,138.198166,住所(概略),楽天トラベル,
上越,妙高市,,赤倉温泉 旅館 星野,旅館※,新潟県妙高市赤倉585-99,0255-87-2145,36.891521,138.178253,住所(概略),楽天トラベル,
中越,十日町市,,貸民家 みらい,—,新潟県十日町市松代5316-3,025-597-2561,37.133778,138.607941,住所(概略),楽天トラベル,
中越,弥彦村,,得仙館,旅館・宿※,新潟県西蒲原郡弥彦村観音寺551,0256-94-2017,37.693153,138.819229,住所(概略),楽天トラベル,
中越,南魚沼市,,ロッヂ シロカワ,ロッジ※,新潟県南魚沼市樺野沢233-1,0257-82-0451,37.026756,138.830582,住所(概略),楽天トラベル,
中越,湯沢町,,ファミリーヒュッテ,山小屋/山荘※,新潟県南魚沼郡湯沢町三俣962-1,025-788-9131,36.890316,138.761673,住所(概略),楽天トラベル,
中越,湯沢町,,ペンションZION ザイオン〜理想の郷,ペンション※,新潟県南魚沼郡湯沢町三俣546-3,025-788-9510,36.890316,138.761673,住所(概略),楽天トラベル,
上越,妙高市,,アーデン妙高,—,新潟県妙高市二俣1526-476,0255-87-3455,36.890591,138.185287,住所(概略),楽天トラベル,
中越,南魚沼市,,旅館 関越,旅館※,新潟県南魚沼市姥島新田627-1,025-783-4321,36.991302,138.820374,住所,楽天トラベル,
中越,南魚沼市,,ロッヂ中金,ロッジ※,新潟県南魚沼市石打183,025-783-3493,36.976135,138.804428,住所,楽天トラベル,
中越,湯沢町,,ピッコロホテル ラ パーチェ,ホテル※,新潟県南魚沼郡湯沢町三国469-31,025-789-3010,36.804073,138.759995,住所(概略),楽天トラベル,
中越,南魚沼市,,林徳旅館,旅館※,新潟県南魚沼市石打1649,025-783-2239,36.978146,138.800156,住所(概略),楽天トラベル,
上越,妙高市,,さつき荘,旅館・宿※,新潟県妙高市杉野沢2690,0255-86-6145,36.847427,138.157028,住所(概略),楽天トラベル,
中越,南魚沼市,,ペンション プリムローズ,ペンション※,新潟県南魚沼市石打834-22,025-783-5963,36.965889,138.799240,住所(概略),楽天トラベル,
中越,南魚沼市,,幸七旅館,旅館※,新潟県南魚沼市姥島新田240,025-783-2628,36.991898,138.823227,住所,楽天トラベル,
中越,南魚沼市,,飯酒盃旅館,旅館※,新潟県南魚沼市上野271,025-783-2119,36.988956,138.798599,住所,楽天トラベル,
中越,柏崎市,,海月荘柳橋,—,新潟県柏崎市柳橋町9-38,,37.360809,138.554428,住所,楽天トラベル,
中越,南魚沼市,,石打シーハイルロッヂ,ロッジ※,新潟県南魚沼市石打862-2,025-783-3229,36.965889,138.799240,住所(概略),楽天トラベル,
中越,南魚沼市,,M・S館,旅館・宿※,新潟県南魚沼市石打855,025-783-3627,36.964371,138.800217,住所(概略),楽天トラベル,
中越,湯沢町,,上越館,旅館・宿※,新潟県南魚沼郡湯沢町土樽5085,025-787-4121,36.908714,138.847458,住所(概略),楽天トラベル,
中越,湯沢町,,上越ホテル,ホテル※,新潟県南魚沼郡湯沢町土樽5172,025-787-3009,36.897476,138.858398,住所(概略),楽天トラベル,
中越,湯沢町,,ファミリーハウスYAMADA,—,新潟県南魚沼郡湯沢町湯沢548,025-784-2823,36.940441,138.801788,住所(概略),楽天トラベル,
中越,南魚沼市,,リゾートハウス飯士館,旅館・宿※,新潟県南魚沼市姥島新田221-6,025-783-2832,36.993511,138.821747,住所,楽天トラベル,
中越,湯沢町,,Naeba 柏屋旅館,旅館※,新潟県南魚沼郡湯沢町三国377,025-789-2501,36.804073,138.759995,住所(概略),楽天トラベル,
中越,南魚沼市,,さえもん旅館,旅館※,新潟県南魚沼市吉里1118,025-782-0738,37.050392,138.841553,住所(概略),楽天トラベル,
中越,南魚沼市,,豊新旅館 別館,旅館※,新潟県南魚沼市石打1256-1,025-783-3114,36.971039,138.800476,住所,楽天トラベル,
中越,南魚沼市,,富徳旅館,旅館※,新潟県南魚沼市吉里1115,025-782-0739,37.050392,138.841553,住所(概略),楽天トラベル,
上越,妙高市,,旅苑さかや,—,新潟県妙高市杉野沢2532,0255-86-6038,36.848961,138.158829,住所,楽天トラベル,
中越,柏崎市,,ビジネスのお宿 ハイマートグリーン,旅館・宿※,新潟県柏崎市西山町坂田385-19,0257-47-2419,37.444889,138.673920,住所,楽天トラベル,
中越,南魚沼市,,ジョイハウス ゆたか,—,新潟県南魚沼市姥島新田567,025-783-2734,36.989868,138.823807,住所(概略),楽天トラベル,
中越,魚沼市,,浅草山荘,山小屋/山荘※,新潟県魚沼市大白川887-127,025-796-2331,37.357632,139.151474,住所,楽天トラベル,
中越,三条市,,スノーピークヘッドクォーターズキャンプフィールド,—,新潟県三条市中野原456,0256-41-2222,37.550587,139.047424,住所(概略),楽天トラベル,
上越,妙高市,,スーパーホテル新井・新潟,ホテル†,大字猪野山,,37.028654,138.227753,施設,OSM,node/529136261
中越,柏崎市,,ホテルサンシャイン,ホテル†,駅前一丁目,,37.364471,138.556285,施設,OSM,node/925237056
中越,柏崎市,,ホテルα-1,ホテル†,駅前一丁目,,37.364413,138.556008,施設,OSM,node/925237126
下越,新潟市西区,,メイワサンピア,ホテル†,赤塚,,37.811039,138.877464,施設,OSM,node/1242897548
中越,魚沼市,,ビジネスホテル 船津屋,ホテル†,魚沼市 四日町 1482,+81-25-792-0079,37.232967,138.952922,施設,OSM,node/2259015930
中越,魚沼市,,OKABE,ホテル†,四日町,,37.233705,138.952901,施設,OSM,node/2259015935
中越,小千谷市,,中島屋,ゲストハウス/民宿†,東栄一丁目,,37.309484,138.811941,施設,OSM,node/2744613713
上越,妙高市,,黒沢池ヒュッテ,山小屋†,大字関山,,36.906440,138.101563,施設,OSM,node/3156208062
上越,妙高市,,高谷池ヒュッテ,山小屋†,−,,36.909361,138.084605,施設,OSM,node/3156208063
上越,妙高市,,Chalet Myoko,ゲストハウス/民宿†,Myoko-shi 1452-10,,36.882034,138.182534,施設,OSM,node/3179700710
中越,三条市,,AQA HOTEL,ホテル†,須頃一丁目,,37.647085,138.937669,施設,OSM,node/3287101783
下越,粟島浦村,,民宿 後藤,ホステル†,−,,38.446939,139.223488,施設,OSM,node/3548729193
中越,長岡市,,夕華,ホテル†,寺泊野積,,37.697887,138.787218,施設,OSM,node/3656204683
中越,長岡市,,太古の湯,ホテル†,寺泊野積,,37.671880,138.780562,施設,OSM,node/3656204684
中越,長岡市,,民宿 いしい,ホテル†,寺泊野積,,37.700740,138.786447,施設,OSM,node/3656204686
中越,湯沢町,,YUZAWA SKI HOUSE,アパートメント/貸別荘†,湯沢町 湯沢 498 1,+81-25-784-2455,36.940038,138.805026,施設,OSM,node/3991215810
下越,新潟市中央区,,ラ・セーヌ,ホテル†,本町通九番町,,37.924715,139.047848,施設,OSM,node/4198215092
下越,新潟市中央区,,くく,ゲストハウス/民宿†,古町通三番町,,37.917462,139.042005,施設,OSM,node/4204206709
中越,南魚沼市,,千本檜小屋,山小屋†,山口,,37.112200,139.015386,施設,OSM,node/4349234689
下越,新発田市,,御西小屋,山小屋†,滝谷,,37.846735,139.681769,施設,OSM,node/4359782055
下越,胎内市,,ロイヤル胎内パークホテル,ホテル†,夏井,,38.022474,139.499198,施設,OSM,node/4367388655
上越,糸魚川市,,焼山温泉,ホテル†,大字大平,,36.993690,138.011412,施設,OSM,node/4624465329
中越,南魚沼市,,むいか温泉リゾート,ホテル†,小栗山,,37.071124,138.845791,施設,OSM,node/4717666791
上越,妙高市,,国立妙高青少年自然の家,ゲストハウス/民宿†,大字関山,,36.914216,138.195345,施設,OSM,node/4783863895
中越,湯沢町,,ホテル一越 HOTEL ICHIKOSH,ホテル†,大字湯沢,,36.944899,138.800626,施設,OSM,node/4811031930
上越,妙高市,,Red Warehouse,ゲストハウス/民宿†,大字赤倉,+81 25 578 7828,36.892745,138.176145,施設,OSM,node/4938953866
上越,妙高市,,Japow House,ホステル†,大字二俣,+81 25 577 4854,36.890913,138.182100,施設,OSM,node/4938976463
中越,長岡市,,ランドマーク高見,ゲストハウス/民宿†,高見町,,37.505998,138.861747,施設,OSM,node/5007594421
上越,妙高市,,Mont Cervin,ゲストハウス/民宿†,大字二俣,,36.890759,138.187792,施設,OSM,node/5050831964
中越,湯沢町,,Alpine,ホテル†,大字土樽,,36.937860,138.843569,施設,OSM,node/5061604858
中越,長岡市,,ねこのゆめ 三浦さん,アパートメント/貸別荘†,寿三丁目,,37.480505,138.853874,施設,OSM,node/5323165722
上越,上越市,,ホテルアルファーワン上越,ホテル†,石橋一丁目,025-544-1818,37.166345,138.237451,施設,OSM,node/5391666422
上越,上越市,,レオパレスフィオーレ105,アパートメント/貸別荘†,新潟県上越市子安新田2-15,,37.110312,138.273234,施設,OSM,node/5508326321
中越,長岡市,,アルファ-1,ホテル†,城内町一丁目,,37.445763,138.851755,施設,OSM,node/5570088530
中越,長岡市,,インパクト,ホテル†,城内町一丁目,,37.446274,138.851993,施設,OSM,node/5570088540
下越,新発田市,,白鳥の宿ますがた荘,ホテル†,五十公野,,37.941240,139.357515,施設,OSM,node/5588047454
中越,湯沢町,,ファミールヴィラ越後湯沢,アパートメント/貸別荘†,大字湯沢,,36.933472,138.810528,施設,OSM,node/5732981521
下越,村上市,,小春荘,ホテル†,桑川,,38.370756,139.455665,施設,OSM,node/6053928029
下越,村上市,,清海,ホテル†,桑川,,38.371572,139.456280,施設,OSM,node/6053928030
下越,村上市,,ちどり,ホテル†,桑川,,38.375550,139.458314,施設,OSM,node/6053928032
下越,村上市,,文栄丸,ホテル†,桑川,,38.379398,139.460027,施設,OSM,node/6053928035
下越,村上市,,長浜屋旅館,ホテル†,勝木,,38.490107,139.517826,施設,OSM,node/6053950227
下越,村上市,,かつら,ホテル†,府屋,,38.515658,139.535819,施設,OSM,node/6053970629
下越,村上市,,平喜旅館,ホテル†,府屋,,38.515246,139.537315,施設,OSM,node/6053970630
下越,村上市,,旅館 米弥,ホテル†,田端町,,38.220529,139.464760,施設,OSM,node/6152144800
下越,阿賀野市,,旅館中喜屋,ホテル†,出湯,,37.818328,139.300171,施設,OSM,node/6155026196
上越,妙高市,,Akakura Central,ホテル†,大字赤倉,+81 255 873311,36.892559,138.175388,施設,OSM,node/6327536723
中越,湯沢町,,中屋,ホテル†,大字土樽,,36.914530,138.845679,施設,OSM,node/6367366516
中越,湯沢町,,旅館いたや,ゲストハウス/民宿†,大字土樽,,36.908026,138.847406,施設,OSM,node/6367366518
中越,長岡市,,えちご川口温泉,ホテル†,川口中山,,37.268413,138.869072,施設,OSM,node/6371737290
上越,糸魚川市,,Takeharukan 竹春館,ホテル†,大字藤崎,,37.120924,138.036959,施設,OSM,node/6400427371
上越,糸魚川市,,大栄荘,ホテル†,大字藤崎,,37.120808,138.038495,施設,OSM,node/6400427376
中越,長岡市,,LiVE MAX,ホテル†,台町二丁目,,37.446042,138.855205,施設,OSM,node/6698469136
中越,柏崎市,,門出かやぶきの里,ゲストハウス/民宿†,高柳町門出,,37.187001,138.619138,施設,OSM,node/6936974492
中越,長岡市,,ホテル丁字谷,ホテル†,新栄町三丁目,,37.487547,138.997591,施設,OSM,node/7231509507
上越,妙高市,,Silverhorn,ホテル†,大字関山,+81 255 87 2134,36.886511,138.179248,施設,OSM,node/7242253106
上越,妙高市,,Guest House Bunk,ゲストハウス/民宿†,大字田口,,36.884557,138.180787,施設,OSM,node/7242253163
上越,妙高市,,Hotel Kanejin,ホテル†,大字赤倉,,36.892153,138.179259,施設,OSM,node/7242293907
上越,妙高市,,Refre Hotel,ホテル†,大字赤倉,,36.892349,138.176562,施設,OSM,node/7242346707
上越,妙高市,,Myoko Mountain Lodge,ゲストハウス/民宿†,大字田口,,36.882025,138.182173,施設,OSM,node/7242961463
中越,南魚沼市,,アーバンヒル石打,山小屋†,石打,,36.979348,138.801878,施設,OSM,node/7473362987
中越,南魚沼市,,雲天,ホテル†,清水,,36.954608,138.920642,施設,OSM,node/7809347622
上越,糸魚川市,,筒石宿,ゲストハウス/民宿†,大字筒石,,37.134278,138.054012,施設,OSM,node/7858388372
下越,五泉市,,若松屋旅館,ホテル†,村松,,37.692974,139.178715,施設,OSM,node/7968853536
中越,燕市,,ホテル公楽園,ホテル†,熊森,0256-97-1575,37.633842,138.865394,施設,OSM,node/8659294494
中越,長岡市,,保久礼小屋,山小屋†,栃堀,,37.409725,139.097964,施設,OSM,node/8735634667
中越,長岡市,,キビタ避難小屋,避難小屋†,栃堀,,37.410410,139.107400,施設,OSM,node/8735634668
下越,新発田市,,梅花皮小屋,山小屋†,滝谷,,37.877684,139.643615,施設,OSM,node/8812954726
上越,妙高市,,森の学び舎,ゲストハウス/民宿†,−,,36.857451,138.097292,施設,OSM,node/9217275538
中越,長岡市,,福引屋,ホテル†,蓬平町,,37.367681,138.895518,施設,OSM,node/9591306714
中越,長岡市,,山古志の宿 あまやちの湯,ホテル†,山古志種苧原,+81-258-59-3620,37.358412,138.923926,施設,OSM,node/9633796681
下越,粟島浦村,,民宿 与平,ホテル†,−,,38.464762,139.252157,施設,OSM,node/9719707894
下越,粟島浦村,,民宿 なおや,ホテル†,−,,38.463252,139.252600,施設,OSM,node/9719707902
下越,粟島浦村,,民宿 みはらし,ホテル†,−,,38.463978,139.253695,施設,OSM,node/9719722497
下越,粟島浦村,,通年民宿 治郎作,ホテル†,−,,38.464355,139.253427,施設,OSM,node/9719722498
下越,粟島浦村,,民宿 三吉,ホテル†,−,,38.464444,139.253371,施設,OSM,node/9719722499
下越,粟島浦村,,通年民宿 弥助,ホテル†,−,,38.464952,139.252813,施設,OSM,node/9719732768
下越,粟島浦村,,通年民宿 六郎兵衛,ホテル†,−,,38.463566,139.253336,施設,OSM,node/9719732769
下越,粟島浦村,,民宿 えびす荘,ホテル†,−,,38.463872,139.252655,施設,OSM,node/9719732777
下越,粟島浦村,,民宿 ますや,ホテル†,−,,38.465369,139.252349,施設,OSM,node/9719732780
下越,粟島浦村,,民宿 脇源,ホテル†,−,,38.465495,139.252497,施設,OSM,node/9719732782
下越,粟島浦村,,旅館 たてしま,ホテル†,−,,38.466759,139.253281,施設,OSM,node/9719734225
下越,粟島浦村,,民宿 弥三郎,ホテル†,−,,38.466549,139.253108,施設,OSM,node/9719734226
下越,粟島浦村,,民宿 善宝館,ホテル†,−,,38.466451,139.253043,施設,OSM,node/9719734227
下越,粟島浦村,,民宿じんきち,ホテル†,−,,38.465546,139.252944,施設,OSM,node/9719734234
下越,粟島浦村,,民宿みなとや,ホテル†,−,,38.465319,139.253008,施設,OSM,node/9719734235
下越,粟島浦村,,民宿みやこや,ホテル†,−,,38.465077,139.253033,施設,OSM,node/9719734252
中越,十日町市,,ホテルニュー十日町,ホテル†,本町四丁目,,37.133732,138.760823,施設,OSM,node/9961089118
下越,新潟市中央区,,HOTEL三景,ホテル†,花園二丁目,,37.914241,139.064793,施設,OSM,node/10279057970
上越,上越市,,Super Hotel,ホテル†,大和五丁目,,37.081426,138.246176,施設,OSM,node/10936747984
中越,十日町市,,白川屋,ホテル†,松之山湯本,,37.064647,138.598604,施設,OSM,node/11045596084
中越,柏崎市,,海月荘 別館,ホテル†,鯨波三丁目,,37.353238,138.507374,施設,OSM,node/11722108452
上越,糸魚川市,,ゲストハウス山楽,ゲストハウス/民宿†,大字柵口,,37.039315,138.065757,施設,OSM,node/11751890470
下越,村上市,,中村の四季之宿,ホテル†,下相川,,38.223025,139.500355,施設,OSM,node/12236920632
下越,村上市,,櫻ゆ,ホテル†,坪根,,38.217094,139.503016,施設,OSM,node/12236927369
上越,糸魚川市,,山岸荘,ホテル†,大字田海,,37.013080,137.813015,施設,OSM,node/12283866824
上越,妙高市,,petit hotel,ホテル†,大字杉野沢,,36.850993,138.165303,施設,OSM,node/12322933101
下越,新潟市西区,,guest house くちなし,ホテル†,新通,,37.867773,138.963251,施設,OSM,node/12487692545
上越,妙高市,,The Address Akakura,ホテル†,大字赤倉,,36.892470,138.177555,施設,OSM,node/12523514908
下越,新潟市中央区,,割烹の宿 湖畔,ホテル†,紫竹山七丁目,,37.895656,139.063995,施設,OSM,node/12619851946
上越,糸魚川市,,古民家民泊アトリエFUMI,ゲストハウス/民宿†,糸魚川市 大字滝川原 869,,37.029035,137.940466,施設,OSM,node/12626847610
中越,津南町,,農家民宿れすとらん ひがし,ゲストハウス/民宿†,大字上郷宮野原,,36.964127,138.598067,施設,OSM,node/12796857838
上越,妙高市,,Chamonix,ゲストハウス/民宿†,大字樽本,,36.857502,138.293788,施設,OSM,node/13064590000
下越,新潟市江南区,,すまいる美里,ホテル†,小杉五丁目,,37.878848,139.158486,施設,OSM,node/13266246305
上越,上越市,,Art Hotel,ホテル†,本町五丁目,,37.115033,138.244915,施設,OSM,node/13356931019
上越,妙高市,,Hanabun Onsen Hotel,ホテル†,大字関山,,36.901998,138.146593,施設,OSM,node/13605119301
下越,新潟市西蒲区,,岩室温泉富士屋,ホテル†,岩室温泉,,37.736266,138.838042,施設,OSM,node/13729801335
下越,新潟市中央区,,Motomachi 庵,ホテル†,本間町二丁目,,37.927132,139.050220,施設,OSM,node/13807633351
下越,新潟市西区,,ハウス優,ホテル†,五十嵐一の町,,37.876329,138.952677,施設,OSM,node/14019364781
下越,新潟市西区,,アランルージュ,ホテル†,大学南二丁目,,37.864302,138.945118,施設,OSM,node/14055375746
上越,妙高市,,The Alpinist,ホテル†,大字関山,,36.887428,138.180770,施設,OSM,node/14111735487
上越,妙高市,,A.I.R.,ホテル†,大字赤倉,,36.892154,138.174676,施設,OSM,node/14111809849
上越,妙高市,,あかやま,ホテル†,大字関山,,36.888012,138.182308,施設,OSM,node/14111817966
上越,妙高市,,Seraige,ホテル†,大字田切,,36.885424,138.193849,施設,OSM,node/14111820659
上越,妙高市,,Akakura Yours Inn,ホテル†,大字田切,,36.887499,138.188339,施設,OSM,node/14111824330
上越,妙高市,,Sauna 9,ホテル†,大字田口,,36.878139,138.184229,施設,OSM,node/14111824335
上越,妙高市,,Lodge Ohno,ホテル†,大字田口,,36.884889,138.179581,施設,OSM,node/14111848626
上越,妙高市,,Alp Myoko,ホテル†,大字赤倉,,36.892027,138.175071,施設,OSM,node/14111848627
中越,長岡市,,ホテルニューオータニ長岡,ホテル†,台町二丁目,,37.447029,138.855587,施設,OSM,way/222602907
中越,南魚沼市,,LODGE ICHIDAI,ゲストハウス/民宿†,樺野沢,,37.028147,138.827698,施設,OSM,way/272190034
中越,魚沼市,,大湯ホテル,ホテル†,上折立,,37.199244,139.077186,施設,OSM,way/272484311
中越,南魚沼市,,Lodge YOU,ゲストハウス/民宿†,樺野沢,,37.028428,138.826325,施設,OSM,way/272807133
中越,湯沢町,,Alpha Star,ホテル†,大字土樽,,36.937007,138.844028,施設,OSM,way/343206636
中越,湯沢町,,Sun Palace,ホテル†,大字土樽,,36.936335,138.846137,施設,OSM,way/343206645
中越,湯沢町,,Garden Cress,ゲストハウス/民宿†,新潟県南魚沼郡湯沢町土樽 731-49,,36.936323,138.846364,施設,OSM,way/343206646
中越,柏崎市,,ホテルニューグリーン柏崎,ホテル†,柏崎市 1-3-8,+81 257-24-1111,37.364062,138.555153,施設,OSM,way/378346214
中越,長岡市,,ホテルメッツ長岡,ホテル†,台町二丁目,,37.446726,138.854174,施設,OSM,way/387217844
中越,魚沼市,,東電小屋,山小屋†,魚沼市 下折立,,36.942814,139.239035,施設,OSM,way/388241762
中越,湯沢町,,苗場プリンスホテル6号館,ホテル†,大字三国,,36.793616,138.784807,施設,OSM,way/391118366
中越,湯沢町,,苗場プリンスホテル2号館,ホテル†,大字三国,,36.790883,138.784787,施設,OSM,way/391887073
中越,湯沢町,,苗場プリンスホテル3号館,ホテル†,大字三国,,36.791516,138.784717,施設,OSM,way/391887074
中越,湯沢町,,苗場プリンスホテル4号館,ホテル†,大字三国,,36.792099,138.784685,施設,OSM,way/391887075
中越,湯沢町,,かばさわ,ゲストハウス/民宿†,大字湯沢,,36.941728,138.803814,施設,OSM,way/396230932
中越,湯沢町,,民宿 東洋,ゲストハウス/民宿†,大字湯沢,,36.942271,138.803432,施設,OSM,way/396230941
中越,湯沢町,,独留布,ゲストハウス/民宿†,大字湯沢,,36.940327,138.804886,施設,OSM,way/396232163
中越,湯沢町,,民宿 たつもと,ゲストハウス/民宿†,大字湯沢,,36.937516,138.807428,施設,OSM,way/396314510
中越,湯沢町,,民宿 山彦,ゲストハウス/民宿†,大字湯沢,,36.937450,138.807475,施設,OSM,way/396314511
中越,湯沢町,,Hotel Fujiya,ホテル†,大字三国,,36.788836,138.793259,施設,OSM,way/431494996
上越,妙高市,,Tsubame Highland Lodge,ホテル†,大字関山,+81 255 822322,36.897473,138.152384,施設,OSM,way/435100002
下越,胎内市,,奥胎内ヒュッテ,ホテル†,宮久,,37.923887,139.540166,施設,OSM,way/440143519
下越,五泉市,,旅館末廣,ホテル†,佐取,,37.736496,139.291844,施設,OSM,way/451982314
下越,五泉市,,望川閣,ホテル†,佐取,,37.736100,139.291354,施設,OSM,way/451982316
下越,五泉市,,湯元館,ホテル†,佐取,,37.736220,139.295353,施設,OSM,way/451982317
中越,見附市,,イングリッシュガーデンホテル レアント,ホテル†,新幸町,,37.535737,138.890240,施設,OSM,way/465147695
下越,村上市,,瀬波グランドホテルはぎのや,ホテル†,瀬波温泉二丁目,,38.214382,139.444320,施設,OSM,way/552141519
下越,村上市,,夕映えの宿 汐美荘,ホテル†,瀬波温泉二丁目,,38.214912,139.438148,施設,OSM,way/552141539
中越,柏崎市,,柏崎緑ケ丘宿舎,ゲストハウス/民宿†,柏崎市 緑町 4 6,,37.359534,138.544417,施設,OSM,way/583257983
中越,十日町市,,旅館 村山荘,ホテル†,小出,,36.973948,138.749547,施設,OSM,way/586026016
中越,十日町市,,民宿 渓山荘,ホテル†,小出,,36.973983,138.749884,施設,OSM,way/586026019
中越,南魚沼市,,巻機山避難小屋,避難小屋†,清水,,36.974457,138.957549,施設,OSM,way/589572112
中越,十日町市,,ベルナティオ本館,ホテル†,馬場癸,,37.048805,138.738194,施設,OSM,way/597015929
中越,十日町市,,ベルナティオ別館,ホテル†,馬場癸,,37.047372,138.736826,施設,OSM,way/597015938
下越,阿賀野市,,安田温泉 ホテルやすらぎ,ホテル†,保田,,37.781971,139.241199,施設,OSM,way/657142680
下越,新発田市,,ホテル大洋,ホテル†,月岡温泉,,37.880063,139.308078,施設,OSM,way/657142810
下越,新発田市,,浪花屋旅館,ホテル†,月岡温泉,,37.879167,139.311089,施設,OSM,way/657142813
下越,新発田市,,広瀬館,ホテル†,月岡温泉,,37.879053,139.310353,施設,OSM,way/657142814
下越,新発田市,,風鈴屋,ホテル†,月岡温泉,,37.881381,139.312147,施設,OSM,way/657142819
下越,新発田市,,ホテル摩周,ホテル†,月岡温泉,,37.882208,139.309177,施設,OSM,way/657142821
中越,津南町,,Ciassic Lab 柳の家,ゲストハウス/民宿†,大字三箇,,37.053708,138.680840,施設,OSM,way/675770007
中越,津南町,,渓泉荘,ホテル†,大字三箇,,37.048092,138.668120,施設,OSM,way/675770013
中越,南魚沼市,,ホテルグリーンプラザ上越,ホテル†,樺野沢,,37.032434,138.821215,施設,OSM,way/679247929
下越,胎内市,,かつらや旅館,ホテル†,乙,,38.119608,139.404743,施設,OSM,way/693447850
下越,新潟市中央区,,ホテルα-1,ホテル†,花園一丁目,,37.913606,139.064798,施設,OSM,way/702450310
下越,阿賀町,,かのせ温泉 赤崎荘,ホテル†,鹿瀬,,37.712258,139.462739,施設,OSM,way/736945442
下越,胎内市,,村上屋旅館,ホテル†,表町,,38.049431,139.399171,施設,OSM,way/760531637
下越,胎内市,,頼母木小屋,山小屋†,宮久,,37.921020,139.618687,施設,OSM,way/771880468
下越,関川村,,朳差小屋,山小屋†,大字大石,,37.941967,139.608344,施設,OSM,way/771880470
上越,妙高市,,Villa Chamois,ホテル†,大字関山,,36.886168,138.179513,施設,OSM,way/776206833
上越,妙高市,,Hotel Tae Windsor,ホテル†,大字田口,+81 255 774863,36.883390,138.180106,施設,OSM,way/776206848
中越,燕市,,ホテル三條屋,ホテル†,宮町,,37.663882,138.927458,施設,OSM,way/784114120
上越,妙高市,,Legend Inn Myoko,ホテル†,大字関川,,36.862462,138.178272,施設,OSM,way/802370349
上越,妙高市,,ログペンション富夢想野,ホテル†,大字関川,,36.862181,138.178399,施設,OSM,way/802370350
上越,妙高市,,森の宿 ビヨルク,ホテル†,大字関川,,36.862701,138.179354,施設,OSM,way/802370354
上越,妙高市,,ライムリゾート妙高,ホテル†,大字関川,,36.864038,138.177293,施設,OSM,way/802370357
上越,妙高市,,ペンション スノーグース,ホテル†,大字関川,,36.863549,138.175760,施設,OSM,way/802370359
上越,妙高市,,ロッジ しろくま,ホテル†,大字関川,,36.867728,138.177799,施設,OSM,way/802370374
上越,妙高市,,宿なごみ荘,ゲストハウス/民宿†,大字関川,,36.869761,138.177153,施設,OSM,way/802370400
上越,妙高市,,池の平温泉 ナガサキロッヂ,ゲストハウス/民宿†,大字関川,,36.869191,138.176597,施設,OSM,way/802370404
上越,妙高市,,なかやま山荘,ゲストハウス/民宿†,大字関川,,36.869312,138.175268,施設,OSM,way/802370416
上越,妙高市,,温泉宿 進,ゲストハウス/民宿†,大字関川,,36.870456,138.174497,施設,OSM,way/802370417
上越,妙高市,,朝日山荘,ゲストハウス/民宿†,大字関川,,36.869444,138.171156,施設,OSM,way/802370422
上越,妙高市,,安田山荘,ゲストハウス/民宿†,大字関川,,36.871280,138.175388,施設,OSM,way/802370425
上越,妙高市,,ヴィレッジ圓山,ホテル†,大字関川,,36.870657,138.178771,施設,OSM,way/802370428
上越,妙高市,,池の平温泉ホテルセゾン,ホテル†,大字関川,,36.872062,138.180555,施設,OSM,way/802370459
上越,妙高市,,新風荘,ホテル†,大字関川,,36.871927,138.187794,施設,OSM,way/802373525
上越,妙高市,,山小舎ベルグ,ゲストハウス/民宿†,大字関川,,36.871890,138.176568,施設,OSM,way/802382169
上越,妙高市,,きたむら山荘,ゲストハウス/民宿†,大字関川,,36.871778,138.176048,施設,OSM,way/802382172
上越,妙高市,,ロッジ  ハタノ,ゲストハウス/民宿†,大字関川,,36.871454,138.172527,施設,OSM,way/802382185
上越,妙高市,,Htel Sunlighto,ゲストハウス/民宿†,大字関川,,36.871002,138.169221,施設,OSM,way/802382189
上越,妙高市,,本館めぼうき,ゲストハウス/民宿†,大字関川,,36.870834,138.168610,施設,OSM,way/802382190
上越,妙高市,,ロッジ妙高,ゲストハウス/民宿†,大字関川,,36.869193,138.169186,施設,OSM,way/802382194
上越,妙高市,,ペンション・ヴァンヴェール,ホテル†,大字関川,,36.868396,138.169527,施設,OSM,way/802382195
上越,妙高市,,リゾートプロジェクト妙高高原,ホテル†,大字関川,,36.867181,138.170896,施設,OSM,way/802382202
上越,妙高市,,ペンションシェーネ,ホテル†,大字関川,,36.867086,138.170012,施設,OSM,way/802382203
上越,妙高市,,森の宿シェーネ,ホテル†,大字関川,,36.866824,138.169886,施設,OSM,way/802382204
上越,妙高市,,ペンション夢色のなを,ホテル†,大字関川,,36.866646,138.169760,施設,OSM,way/802382205
上越,妙高市,,マウンテンハット妙高,ホテル†,大字関川,,36.866741,138.170516,施設,OSM,way/802382206
上越,妙高市,,ペンショングランメール,ホテル†,大字関川,,36.866224,138.170892,施設,OSM,way/802382207
下越,新潟市西蒲区,,ニュー日本海,ホテル†,間瀬,,37.745389,138.799102,施設,OSM,way/822749727
中越,長岡市,,伊勢崎市臨海学校,ホテル†,寺泊田ノ尻,,37.630950,138.761610,施設,OSM,way/854449238
中越,長岡市,,金八,ホテル†,寺泊花立,,37.633334,138.761084,施設,OSM,way/854449243
上越,糸魚川市,,白鳥小屋,避難小屋†,大字上路,,36.944500,137.711114,施設,OSM,way/930987660
中越,湯沢町,,蓬ヒュッテ,山小屋†,大字土樽,,36.879251,138.921603,施設,OSM,way/941136078
中越,湯沢町,,エビス大黒避難小屋,避難小屋†,大字土樽,,36.815061,138.845078,施設,OSM,way/941417666
上越,上越市,,アパホテル 上越妙高駅前,ホテル†,大和二丁目,,37.082674,138.247955,施設,OSM,way/967578066
中越,津南町,,だいすきさんが－旧三箇小学校,モーテル†,大字三箇,,37.049386,138.672855,施設,OSM,way/978178179
上越,妙高市,,ペンション・シャイン,ゲストハウス/民宿†,大字樽本,,36.856976,138.293625,施設,OSM,way/994090659
上越,妙高市,,アルペンローズ,ゲストハウス/民宿†,大字樽本,,36.856699,138.293520,施設,OSM,way/994090660
上越,妙高市,,Tob's House,ゲストハウス/民宿†,大字樽本,,36.856518,138.295274,施設,OSM,way/994090662
上越,妙高市,,Four Seasons,ゲストハウス/民宿†,大字樽本,,36.856352,138.294083,施設,OSM,way/994090664
上越,妙高市,,Meleze,ゲストハウス/民宿†,大字樽本,,36.854953,138.294304,施設,OSM,way/994090669
上越,妙高市,,First Tracks Madarao,ゲストハウス/民宿†,大字樽本,,36.855100,138.294611,施設,OSM,way/994090670
上越,妙高市,,斑尾ランバーズイン,ホテル†,大字樽本,,36.855078,138.288776,施設,OSM,way/994090696
上越,妙高市,,ホテル マダムミレー,ホテル†,大字樽本,,36.854762,138.288982,施設,OSM,way/994090697
上越,妙高市,,Alpages,ゲストハウス/民宿†,大字樽本,,36.856778,138.292550,施設,OSM,way/994090708
上越,妙高市,,Shinano Pension,ホテル†,大字樽本,,36.853335,138.288989,施設,OSM,way/994090723
上越,妙高市,,Oono pension,ホテル†,大字樽本,,36.854718,138.289595,施設,OSM,way/994090724
上越,妙高市,,Woody Hill,ゲストハウス/民宿†,大字樽本,,36.854961,138.293340,施設,OSM,way/994090731
上越,妙高市,,ペンション絵日記,ゲストハウス/民宿†,大字樽本,,36.855572,138.293384,施設,OSM,way/994090739
上越,妙高市,,むね樹ペンション,ゲストハウス/民宿†,大字樽本,,36.855794,138.293140,施設,OSM,way/994090740
上越,妙高市,,Hakken,ホテル†,大字樽本,,36.853679,138.289574,施設,OSM,way/998086953
中越,南魚沼市,,かのえや,ホテル†,関,,36.984791,138.805373,施設,OSM,way/1018657120
中越,南魚沼市,,紫月旅館,ホテル†,関,,36.985164,138.805196,施設,OSM,way/1018657130
中越,南魚沼市,,スカイランド,ホテル†,南魚沼市 石打 1858,+81257832533,36.985286,138.800626,施設,OSM,way/1051958812
中越,南魚沼市,,グランドールタカノ,ホテル†,南魚沼市 石打 2102,+81257832121,36.984653,138.799252,施設,OSM,way/1051958817
中越,南魚沼市,,ロッジ ホワイトスター,ゲストハウス/民宿†,上野,,36.987469,138.800127,施設,OSM,way/1051968538
中越,南魚沼市,,龍氣本館,ホテル†,小栗山,,37.069922,138.851155,施設,OSM,way/1057812924
中越,南魚沼市,,山麓ロッヂ,ホテル†,小栗山,,37.070960,138.846549,施設,OSM,way/1057821143
中越,南魚沼市,,武蔵ロッヂ,ホテル†,小栗山,,37.071211,138.848254,施設,OSM,way/1058188809
中越,南魚沼市,,睦荘,ホテル†,小栗山,,37.070671,138.848273,施設,OSM,way/1058188817
中越,南魚沼市,,こぐりやま山荘,ホテル†,小栗山,,37.066894,138.848944,施設,OSM,way/1058231055
中越,南魚沼市,,いろりあん別館 さくら・さくら,ホテル†,小栗山,,37.069113,138.849858,施設,OSM,way/1058232233
中越,南魚沼市,,ムイカスノーリゾート,ホテル†,小栗山,,37.071618,138.845964,施設,OSM,way/1058232234
中越,燕市,,東横イン,ホテル†,3 132,+81 256-66-1045,37.650059,138.935345,施設,OSM,way/1072968888
中越,十日町市,,野本旅館,ホテル†,松之山湯本,+81 25 596 2013,37.064520,138.598858,施設,OSM,way/1189357249
中越,湯沢町,,南屋旅館,ホテル†,大字土樽,,36.927236,138.842898,施設,OSM,way/1204088071
中越,湯沢町,,ロッジ南雲,ホテル†,大字土樽,,36.925086,138.839865,施設,OSM,way/1204095524
中越,湯沢町,,トスラブ湯沢,ホテル†,大字土樽,,36.921602,138.842983,施設,OSM,way/1204095550
中越,柏崎市,,笠島シーサイドヴィラ,ホテル†,大字笠島,,37.336391,138.472185,施設,OSM,way/1209962287
上越,上越市,,上越料理と地酒の民宿わすけ,ホテル†,柿崎区上下浜,,37.249612,138.354304,施設,OSM,way/1211715094
上越,上越市,,ホテルうのはま,ホテル†,大潟区雁子浜,,37.240911,138.343100,施設,OSM,way/1211760760
上越,上越市,,働く人の宿あいかわ上越店,ホテル†,頸城区城野腰,,37.205837,138.307340,施設,OSM,way/1212676491
上越,上越市,,ほたるの宿,ホテル†,大字大貫,,37.104313,138.224433,施設,OSM,way/1218689336
上越,妙高市,,妙高フォレストロッジ,ホテル†,大字田口,,36.882812,138.192591,施設,OSM,way/1222164367
上越,妙高市,,ペンション DO,ホテル†,大字田口,,36.883375,138.192635,施設,OSM,way/1222164371
上越,妙高市,,ペンション ルネ シャール,ホテル†,大字田口,,36.883946,138.191891,施設,OSM,way/1222164375
上越,妙高市,,ペンション フェニックス,ホテル†,大字田口,,36.883746,138.192458,施設,OSM,way/1222164377
上越,妙高市,,Fujii Apartment,ホテル†,大字田切,,36.887521,138.196707,施設,OSM,way/1222164404
上越,妙高市,,Sierra Lodge Myoko,ホテル†,大字田口,,36.878121,138.202682,施設,OSM,way/1222381603
下越,阿賀野市,,ゆらりゆら 水鳥の宿 さきはな,ホテル†,小松,,37.735118,139.281258,施設,OSM,way/1225826939
下越,新潟市西区,,緒立温泉きらく荘,ホテル†,黒鳥,,37.857943,138.984732,施設,OSM,way/1234218428
中越,長岡市,,寺宝温泉,ホテル†,Nagaoka Jihoumachi 82,,37.470304,138.797179,施設,OSM,way/1245725627
下越,新潟市西蒲区,,岩室温泉のゆもと,ホテル†,岩室温泉,+81 256-82-2015,37.741814,138.837797,施設,OSM,way/1316112488
下越,新発田市,,あかたにの家,ホステル†,上赤谷,,37.839935,139.417421,施設,OSM,way/1346747529
上越,妙高市,,ペンション ピクニック,ゲストハウス/民宿†,大字樽本,,36.856076,138.294184,施設,OSM,way/1421658860
上越,妙高市,,ペンション りんごじゃむ,ゲストハウス/民宿†,大字樽本,,36.856341,138.292741,施設,OSM,way/1421658866
上越,妙高市,,ウッド,ゲストハウス/民宿†,大字樽本,,36.854201,138.291269,施設,OSM,way/1421660507
上越,妙高市,,ホテル エルディア,ホテル†,大字樽本,,36.855301,138.288679,施設,OSM,way/1421660508
中越,南魚沼市,,ロッヂ マシュー,ホテル†,南魚沼市 石打 2035 2,,36.982844,138.798788,施設,OSM,way/1449575806
中越,南魚沼市,,ノースポイントロッヂ,ホテル†,南魚沼市 石打 2025 11,+81257833825,36.982754,138.798180,施設,OSM,way/1449575808
中越,南魚沼市,,みせ旅館,ホテル†,南魚沼市 石打 2026,+81257832532,36.982302,138.798736,施設,OSM,way/1449575809
中越,南魚沼市,,高野旅館 ロッヂ タカノ,ホテル†,南魚沼市 石打 1917 1,+81257832162,36.982343,138.800229,施設,OSM,way/1449575811
中越,南魚沼市,,ロッヂ カナダ,ホテル†,南魚沼市 石打 1922 2,+81257834040,36.982076,138.800463,施設,OSM,way/1449575812
中越,湯沢町,,Hotel West,ホテル†,大字三国,,36.787421,138.795526,施設,OSM,way/1450847075
中越,湯沢町,,Annex Kashiwaya,ホテル†,大字三国,,36.787535,138.794731,施設,OSM,way/1450850711
中越,湯沢町,,Lodge Kashiwagi,ホテル†,大字三国,,36.786098,138.794793,施設,OSM,way/1450850716
中越,魚沼市,,銀山平 伝之助,ゲストハウス/民宿†,宇津野,,37.136560,139.154485,施設,OSM,way/1524811745
中越,魚沼市,,貸別荘 どんぐり,コテージ/シャレー†,宇津野,,37.134651,139.169057,施設,OSM,way/1524811746
